{
    "20751449": {
        "newsAccountDetails": {
            "id": "20751449",
            "newsaccounthandler": "the_hindu",
            "capturedate": "2022-07-18 16:30:07.764458",
            "location": "Chennai, India"
        },
        "newsId_1549052107000467456": {
            "id": "1549052107000467456",
            "text": "RT @thehindubiz: #MarutiSuzuki India unveiled a new version of its entry level hatchback S-Presso priced between 4.25 lakh and 5.99 lakh.",
            "newsRetweetDict": {},
            "newsLikesDict": {}
        },
        "newsId_1549048882767826946": {
            "id": "1549048882767826946",
            "text": "Watch | Just a few years ago, this place in Yeshwanthpur Industrial Area in #Bengaluru, was a warehouse of just steel and concrete. But now, it acts as as community space that promotes sustainable living. \nhttps://t.co/lBB6MLavXb",
            "newsRetweetDict": {
                "retweetID_1542347405425016832": {
                    "retweetID": "1542347405425016832",
                    "reUserName": "Shiva03333180",
                    "reTweetName": "Shiva",
                    "reTweetLocation": ""
                }
            },
            "newsLikesDict": {
                "likesID_1390561426314448897": {
                    "likesID": "1390561426314448897",
                    "likesUserName": "Arijitdas2022",
                    "LikesName": "Arijit Das",
                    "Location": ""
                },
                "likesID_1293173453458010113": {
                    "likesID": "1293173453458010113",
                    "likesUserName": "SarbenduKarmak1",
                    "LikesName": "Sarbendu1",
                    "Location": ""
                },
                "likesID_1250608418529832960": {
                    "likesID": "1250608418529832960",
                    "likesUserName": "Artisanshahnawa",
                    "LikesName": "Shahnawaz Ahmad Khan",
                    "Location": ""
                },
                "likesID_2834139722": {
                    "likesID": "2834139722",
                    "likesUserName": "mohdmaaz24",
                    "LikesName": "Maaz",
                    "Location": ""
                },
                "likesID_2433793224": {
                    "likesID": "2433793224",
                    "likesUserName": "harish14101996",
                    "LikesName": "Harish",
                    "Location": ""
                },
                "likesID_1412805761420300293": {
                    "likesID": "1412805761420300293",
                    "likesUserName": "Gangste00541296",
                    "LikesName": "Gangster",
                    "Location": ""
                },
                "likesID_974994051329085446": {
                    "likesID": "974994051329085446",
                    "likesUserName": "Rkgodara1994",
                    "LikesName": "RK Godara",
                    "Location": ""
                },
                "likesID_1398529091062493188": {
                    "likesID": "1398529091062493188",
                    "likesUserName": "_akki_maurya",
                    "LikesName": "ANKIT MAURYA",
                    "Location": ""
                },
                "likesID_1460276127977541632": {
                    "likesID": "1460276127977541632",
                    "likesUserName": "smilemillenniu1",
                    "LikesName": "smilemillennium@gmail.com",
                    "Location": ""
                },
                "likesID_1115654920575700993": {
                    "likesID": "1115654920575700993",
                    "likesUserName": "kishore_sodha",
                    "LikesName": "Kishore Singh Sodha",
                    "Location": ""
                },
                "likesID_1420596835471618053": {
                    "likesID": "1420596835471618053",
                    "likesUserName": "AlishaP57641742",
                    "LikesName": "Alisha Priyadarshini ",
                    "Location": ""
                },
                "likesID_1507579170561626118": {
                    "likesID": "1507579170561626118",
                    "likesUserName": "Pathi_Maddy",
                    "LikesName": "Pathi",
                    "Location": ""
                },
                "likesID_4768526682": {
                    "likesID": "4768526682",
                    "likesUserName": "shamshadsaadi",
                    "LikesName": "Shamshad qadri saadi",
                    "Location": ""
                },
                "likesID_1016002576112758784": {
                    "likesID": "1016002576112758784",
                    "likesUserName": "Amit_kr001",
                    "LikesName": "AMIT KUMAR",
                    "Location": ""
                }
            }
        },
        "newsId_1549046953706651649": {
            "id": "1549046953706651649",
            "text": "RT @thehindubiz: #Indias equity markets on Monday surged about 1.5% following global trends, with technology and banking stocks witnessing",
            "newsRetweetDict": {},
            "newsLikesDict": {}
        },
        "newsId_1549045504151003138": {
            "id": "1549045504151003138",
            "text": "Then President Rajinder Singh &amp; Secretary General Mushtaque Ahmed were also book for alleged illegalities: CBI official",
            "newsRetweetDict": {
                "retweetID_97421326": {
                    "retweetID": "97421326",
                    "reUserName": "kronkareshwar",
                    "reTweetName": "Kumar Onkareshwar",
                    "reTweetLocation": ""
                },
                "retweetID_1542347405425016832": {
                    "retweetID": "1542347405425016832",
                    "reUserName": "Shiva03333180",
                    "reTweetName": "Shiva",
                    "reTweetLocation": ""
                },
                "retweetID_1097748494926995457": {
                    "retweetID": "1097748494926995457",
                    "reUserName": "VinayMa44342315",
                    "reTweetName": "Vinay Malik",
                    "reTweetLocation": ""
                },
                "retweetID_2862086828": {
                    "retweetID": "2862086828",
                    "reUserName": "BrittoIvor",
                    "reTweetName": "Ivor Eugene Britto",
                    "reTweetLocation": ""
                },
                "retweetID_871508321655771136": {
                    "retweetID": "871508321655771136",
                    "reUserName": "Shahzebalvi4",
                    "reTweetName": "Shahzeb Alvi Mdg",
                    "reTweetLocation": ""
                }
            },
            "newsLikesDict": {
                "likesID_1527160835743055873": {
                    "likesID": "1527160835743055873",
                    "likesUserName": "manidhan333",
                    "LikesName": "Manidhan",
                    "Location": ""
                },
                "likesID_1457924419616067589": {
                    "likesID": "1457924419616067589",
                    "likesUserName": "VinodKu55693383",
                    "LikesName": "Sachin kumar",
                    "Location": ""
                },
                "likesID_1300647705572597760": {
                    "likesID": "1300647705572597760",
                    "likesUserName": "Raushan24189736",
                    "LikesName": "Raushan Kumar Pandey",
                    "Location": ""
                },
                "likesID_1387445076117180421": {
                    "likesID": "1387445076117180421",
                    "likesUserName": "DevSing07534244",
                    "LikesName": "Dev Singh",
                    "Location": ""
                },
                "likesID_1129978103575351297": {
                    "likesID": "1129978103575351297",
                    "likesUserName": "YogeshY92816019",
                    "LikesName": "yogesh",
                    "Location": ""
                },
                "likesID_4199820558": {
                    "likesID": "4199820558",
                    "likesUserName": "mpnarasareddy",
                    "LikesName": "Narasareddy",
                    "Location": ""
                },
                "likesID_987947417109647360": {
                    "likesID": "987947417109647360",
                    "likesUserName": "Bisu284011",
                    "LikesName": "Biswajit",
                    "Location": ""
                },
                "likesID_1440578669638946818": {
                    "likesID": "1440578669638946818",
                    "likesUserName": "AswiniK10957724",
                    "LikesName": "Aswini Kumar Panda/jitu",
                    "Location": ""
                },
                "likesID_1380361531141939209": {
                    "likesID": "1380361531141939209",
                    "likesUserName": "Stephen08971",
                    "LikesName": "Stephen0897",
                    "Location": ""
                },
                "likesID_593655830": {
                    "likesID": "593655830",
                    "likesUserName": "sharma_gaurav99",
                    "LikesName": "Gaurav Sharma",
                    "Location": ""
                },
                "likesID_1229349067588689920": {
                    "likesID": "1229349067588689920",
                    "likesUserName": "_im_akarsh",
                    "LikesName": "AkarshGotNoChill.",
                    "Location": ""
                },
                "likesID_3036308881": {
                    "likesID": "3036308881",
                    "likesUserName": "human_abhipatil",
                    "LikesName": "Abhimanyu A. Gadekar Patil",
                    "Location": ""
                },
                "likesID_729003194240602114": {
                    "likesID": "729003194240602114",
                    "likesUserName": "MumbaiAmchi",
                    "LikesName": "Amchi Mumbai",
                    "Location": ""
                },
                "likesID_102921300": {
                    "likesID": "102921300",
                    "likesUserName": "rajnish_jha",
                    "LikesName": "Rajnish Chandra Jha ",
                    "Location": ""
                },
                "likesID_1138690480030474240": {
                    "likesID": "1138690480030474240",
                    "likesUserName": "HimanshuSawlan2",
                    "LikesName": "Himanshu Sawlani",
                    "Location": ""
                },
                "likesID_784228706747375616": {
                    "likesID": "784228706747375616",
                    "likesUserName": "AijazNaik1",
                    "LikesName": "Dr.Aijaz Ahmed",
                    "Location": ""
                },
                "likesID_1310837153652326405": {
                    "likesID": "1310837153652326405",
                    "likesUserName": "RajAman61872809",
                    "LikesName": "Raj Aman",
                    "Location": ""
                },
                "likesID_1201302193082716161": {
                    "likesID": "1201302193082716161",
                    "likesUserName": "HkRawat143",
                    "LikesName": "Himanshu Kumar Rawat",
                    "Location": ""
                },
                "likesID_3257244672": {
                    "likesID": "3257244672",
                    "likesUserName": "ashishtrpth106",
                    "LikesName": "Ashish tripathi",
                    "Location": ""
                },
                "likesID_1547610174046629890": {
                    "likesID": "1547610174046629890",
                    "likesUserName": "Singh29Shubhang",
                    "LikesName": "Shubhang Singh",
                    "Location": ""
                },
                "likesID_1442480239662100480": {
                    "likesID": "1442480239662100480",
                    "likesUserName": "radicaldinosau",
                    "LikesName": "Dishant Shukla",
                    "Location": ""
                },
                "likesID_933269746627231744": {
                    "likesID": "933269746627231744",
                    "likesUserName": "SachinPrakashD4",
                    "LikesName": "  ",
                    "Location": ""
                },
                "likesID_1016002576112758784": {
                    "likesID": "1016002576112758784",
                    "likesUserName": "Amit_kr001",
                    "LikesName": "AMIT KUMAR",
                    "Location": ""
                },
                "likesID_871508321655771136": {
                    "likesID": "871508321655771136",
                    "likesUserName": "Shahzebalvi4",
                    "LikesName": "Shahzeb Alvi Mdg",
                    "Location": ""
                },
                "likesID_1208606058379239424": {
                    "likesID": "1208606058379239424",
                    "likesUserName": "RajankmSingh1",
                    "LikesName": "Rajan km Singh",
                    "Location": ""
                },
                "likesID_1367054821715451908": {
                    "likesID": "1367054821715451908",
                    "likesUserName": "Manish78994186",
                    "LikesName": "Manish Sharma",
                    "Location": ""
                },
                "likesID_1420596835471618053": {
                    "likesID": "1420596835471618053",
                    "likesUserName": "AlishaP57641742",
                    "LikesName": "Alisha Priyadarshini ",
                    "Location": ""
                }
            }
        },
        "newsId_1549045195907399683": {
            "id": "1549045195907399683",
            "text": "Just in | #CBI books then #IOA president Narinder Dhruv Batra, then Hockey India executive director R.K. Srivastava, for alleged illegalities in renovation and furnishing of IOA president's office in 2018; conducts searches in Delhi and Jammu: CBI official, reports @deveshpd",
            "newsRetweetDict": {
                "retweetID_97421326": {
                    "retweetID": "97421326",
                    "reUserName": "kronkareshwar",
                    "reTweetName": "Kumar Onkareshwar",
                    "reTweetLocation": ""
                },
                "retweetID_729003194240602114": {
                    "retweetID": "729003194240602114",
                    "reUserName": "MumbaiAmchi",
                    "reTweetName": "Amchi Mumbai",
                    "reTweetLocation": ""
                },
                "retweetID_2862086828": {
                    "retweetID": "2862086828",
                    "reUserName": "BrittoIvor",
                    "reTweetName": "Ivor Eugene Britto",
                    "reTweetLocation": ""
                },
                "retweetID_871508321655771136": {
                    "retweetID": "871508321655771136",
                    "reUserName": "Shahzebalvi4",
                    "reTweetName": "Shahzeb Alvi Mdg",
                    "reTweetLocation": ""
                },
                "retweetID_1542347405425016832": {
                    "retweetID": "1542347405425016832",
                    "reUserName": "Shiva03333180",
                    "reTweetName": "Shiva",
                    "reTweetLocation": ""
                }
            },
            "newsLikesDict": {
                "likesID_1527160835743055873": {
                    "likesID": "1527160835743055873",
                    "likesUserName": "manidhan333",
                    "LikesName": "Manidhan",
                    "Location": ""
                },
                "likesID_1300647705572597760": {
                    "likesID": "1300647705572597760",
                    "likesUserName": "Raushan24189736",
                    "LikesName": "Raushan Kumar Pandey",
                    "Location": ""
                },
                "likesID_1387445076117180421": {
                    "likesID": "1387445076117180421",
                    "likesUserName": "DevSing07534244",
                    "LikesName": "Dev Singh",
                    "Location": ""
                },
                "likesID_1129978103575351297": {
                    "likesID": "1129978103575351297",
                    "likesUserName": "YogeshY92816019",
                    "LikesName": "yogesh",
                    "Location": ""
                },
                "likesID_1061287365958787073": {
                    "likesID": "1061287365958787073",
                    "likesUserName": "amjeebanjyoti",
                    "LikesName": "Jiban ",
                    "Location": ""
                },
                "likesID_987947417109647360": {
                    "likesID": "987947417109647360",
                    "likesUserName": "Bisu284011",
                    "LikesName": "Biswajit",
                    "Location": ""
                },
                "likesID_1440578669638946818": {
                    "likesID": "1440578669638946818",
                    "likesUserName": "AswiniK10957724",
                    "LikesName": "Aswini Kumar Panda/jitu",
                    "Location": ""
                },
                "likesID_1229349067588689920": {
                    "likesID": "1229349067588689920",
                    "likesUserName": "_im_akarsh",
                    "LikesName": "AkarshGotNoChill.",
                    "Location": ""
                },
                "likesID_593655830": {
                    "likesID": "593655830",
                    "likesUserName": "sharma_gaurav99",
                    "LikesName": "Gaurav Sharma",
                    "Location": ""
                },
                "likesID_3036308881": {
                    "likesID": "3036308881",
                    "likesUserName": "human_abhipatil",
                    "LikesName": "Abhimanyu A. Gadekar Patil",
                    "Location": ""
                },
                "likesID_729003194240602114": {
                    "likesID": "729003194240602114",
                    "likesUserName": "MumbaiAmchi",
                    "LikesName": "Amchi Mumbai",
                    "Location": ""
                },
                "likesID_3232964122": {
                    "likesID": "3232964122",
                    "likesUserName": "shahbaz_aalam__",
                    "LikesName": "shahbaz alam",
                    "Location": ""
                },
                "likesID_102921300": {
                    "likesID": "102921300",
                    "likesUserName": "rajnish_jha",
                    "LikesName": "Rajnish Chandra Jha ",
                    "Location": ""
                },
                "likesID_2943557904": {
                    "likesID": "2943557904",
                    "likesUserName": "gopsy_upa",
                    "LikesName": "Gopal Baskota",
                    "Location": ""
                },
                "likesID_1269450423024451584": {
                    "likesID": "1269450423024451584",
                    "likesUserName": "AshitPrakash4",
                    "LikesName": "Ashit Prakash",
                    "Location": ""
                },
                "likesID_736940803659071488": {
                    "likesID": "736940803659071488",
                    "likesUserName": "Ummed3169",
                    "LikesName": "Mohammad",
                    "Location": ""
                },
                "likesID_784228706747375616": {
                    "likesID": "784228706747375616",
                    "likesUserName": "AijazNaik1",
                    "LikesName": "Dr.Aijaz Ahmed",
                    "Location": ""
                },
                "likesID_1310837153652326405": {
                    "likesID": "1310837153652326405",
                    "likesUserName": "RajAman61872809",
                    "LikesName": "Raj Aman",
                    "Location": ""
                },
                "likesID_3257244672": {
                    "likesID": "3257244672",
                    "likesUserName": "ashishtrpth106",
                    "LikesName": "Ashish tripathi",
                    "Location": ""
                },
                "likesID_1442480239662100480": {
                    "likesID": "1442480239662100480",
                    "likesUserName": "radicaldinosau",
                    "LikesName": "Dishant Shukla",
                    "Location": ""
                },
                "likesID_1300740677706211329": {
                    "likesID": "1300740677706211329",
                    "likesUserName": "Maggie01493240",
                    "LikesName": "/",
                    "Location": ""
                },
                "likesID_1507027472495222789": {
                    "likesID": "1507027472495222789",
                    "likesUserName": "Ghatotkach30",
                    "LikesName": "Ghatotkacha",
                    "Location": ""
                },
                "likesID_2190819662": {
                    "likesID": "2190819662",
                    "likesUserName": "AbhishekUKadam",
                    "LikesName": "Abhishek Kadam",
                    "Location": ""
                },
                "likesID_871508321655771136": {
                    "likesID": "871508321655771136",
                    "likesUserName": "Shahzebalvi4",
                    "LikesName": "Shahzeb Alvi Mdg",
                    "Location": ""
                },
                "likesID_1208606058379239424": {
                    "likesID": "1208606058379239424",
                    "likesUserName": "RajankmSingh1",
                    "LikesName": "Rajan km Singh",
                    "Location": ""
                },
                "likesID_1367054821715451908": {
                    "likesID": "1367054821715451908",
                    "likesUserName": "Manish78994186",
                    "LikesName": "Manish Sharma",
                    "Location": ""
                },
                "likesID_1420596835471618053": {
                    "likesID": "1420596835471618053",
                    "likesUserName": "AlishaP57641742",
                    "LikesName": "Alisha Priyadarshini ",
                    "Location": ""
                },
                "likesID_1185834766433603584": {
                    "likesID": "1185834766433603584",
                    "likesUserName": "Umang8920",
                    "LikesName": "Umang",
                    "Location": ""
                },
                "likesID_1087046232311283717": {
                    "likesID": "1087046232311283717",
                    "likesUserName": "sumit_ch0udhary",
                    "LikesName": "Sumit Singh Chaudhary",
                    "Location": ""
                },
                "likesID_737097924639739905": {
                    "likesID": "737097924639739905",
                    "likesUserName": "vinayjalan69",
                    "LikesName": "Vinay Jalan",
                    "Location": ""
                },
                "likesID_2268353142": {
                    "likesID": "2268353142",
                    "likesUserName": "Swajidulislam",
                    "LikesName": "Swajidul Islam",
                    "Location": ""
                }
            },
            "newsCommentDict": {
                "commentID_1549050724675624962": {
                    "commentUserID": "2580295914",
                    "commentID": "1549050724675624962",
                    "commentText": "@the_hindu @deveshpd ED and CBI officers are very obedient .\nThums up for India democracy",
                    "location": "pune"
                },
                "commentID_1549045504151003138": {
                    "commentUserID": "20751449",
                    "commentID": "1549045504151003138",
                    "commentText": "Then President Rajinder Singh &amp; Secretary General Mushtaque Ahmed were also book for alleged illegalities: CBI official",
                    "location": "Chennai, India"
                }
            }
        },
        "newsId_1549044120508850177": {
            "id": "1549044120508850177",
            "text": "RT @THNewDelhi: The #SFI on Monday organised a protest in front of the #UGC office seeking a second chance for students who were unable to",
            "newsRetweetDict": {},
            "newsLikesDict": {}
        },
        "newsId_1549043832569864192": {
            "id": "1549043832569864192",
            "text": "#HP released the Pavilion Plus 14 and Pavilion x360 14 laptops starting at  76,999 to cater to the Gen Z and millennial user base in #India. The HP Pavilion series laptops are being touted as part of the 'worlds most sustainable PC portfolio'.\nhttps://t.co/inRdALP1SW",
            "newsRetweetDict": {
                "retweetID_1542347405425016832": {
                    "retweetID": "1542347405425016832",
                    "reUserName": "Shiva03333180",
                    "reTweetName": "Shiva",
                    "reTweetLocation": ""
                }
            },
            "newsLikesDict": {
                "likesID_1229349067588689920": {
                    "likesID": "1229349067588689920",
                    "likesUserName": "_im_akarsh",
                    "LikesName": "AkarshGotNoChill.",
                    "Location": ""
                },
                "likesID_992439151726399488": {
                    "likesID": "992439151726399488",
                    "likesUserName": "MaazAli88020997",
                    "LikesName": "Maaz Ali",
                    "Location": ""
                },
                "likesID_3255282948": {
                    "likesID": "3255282948",
                    "likesUserName": "ZealouslyQuoted",
                    "LikesName": "Noah Fence   Phil the Shochet",
                    "Location": ""
                },
                "likesID_1449627963100565511": {
                    "likesID": "1449627963100565511",
                    "likesUserName": "1tscomplex",
                    "LikesName": "Pun1sher",
                    "Location": ""
                },
                "likesID_1477864876978552833": {
                    "likesID": "1477864876978552833",
                    "likesUserName": "Subhend27559431",
                    "LikesName": "Subhendu Kumar Mohanta",
                    "Location": ""
                },
                "likesID_1489147977893437440": {
                    "likesID": "1489147977893437440",
                    "likesUserName": "Omkar_3771",
                    "LikesName": "Omkar",
                    "Location": ""
                },
                "likesID_1196130346405728256": {
                    "likesID": "1196130346405728256",
                    "likesUserName": "Heaviedirtysou1",
                    "LikesName": "Blurryface",
                    "Location": ""
                },
                "likesID_2897711132": {
                    "likesID": "2897711132",
                    "likesUserName": "tuhinmandal27",
                    "LikesName": "Tuhin Mandal",
                    "Location": ""
                },
                "likesID_1261481700468588546": {
                    "likesID": "1261481700468588546",
                    "likesUserName": "TidkeShubhangi",
                    "LikesName": "Tidke Shubhangi",
                    "Location": ""
                },
                "likesID_1675868809": {
                    "likesID": "1675868809",
                    "likesUserName": "optovenkat",
                    "LikesName": "Venkat ",
                    "Location": ""
                },
                "likesID_1420596835471618053": {
                    "likesID": "1420596835471618053",
                    "likesUserName": "AlishaP57641742",
                    "LikesName": "Alisha Priyadarshini ",
                    "Location": ""
                },
                "likesID_735909201277378561": {
                    "likesID": "735909201277378561",
                    "likesUserName": "sooraj_shukla26",
                    "LikesName": "Suraj shukla",
                    "Location": ""
                }
            }
        },
        "newsId_1549042839333416960": {
            "id": "1549042839333416960",
            "text": "Just in | The Union Health Ministry on Monday reviewed the screening process for #monkeypox symptoms to be followed for international passengers at airports and ports, reports @neutranino",
            "newsRetweetDict": {
                "retweetID_352380590": {
                    "retweetID": "352380590",
                    "reUserName": "decarte0000",
                    "reTweetName": " ",
                    "reTweetLocation": ""
                },
                "retweetID_1109011775704334336": {
                    "retweetID": "1109011775704334336",
                    "reUserName": "nitinpankhniya",
                    "reTweetName": "Nitin Pankhaniya ",
                    "reTweetLocation": ""
                },
                "retweetID_1056947062074413058": {
                    "retweetID": "1056947062074413058",
                    "reUserName": "matavaishno_inc",
                    "reTweetName": "Rab_Di_Gaddi11",
                    "reTweetLocation": ""
                },
                "retweetID_1525118099414188034": {
                    "retweetID": "1525118099414188034",
                    "reUserName": "Rashika201",
                    "reTweetName": "Rashika",
                    "reTweetLocation": ""
                },
                "retweetID_3227411880": {
                    "retweetID": "3227411880",
                    "reUserName": "saadhyudu2011",
                    "reTweetName": "PardhasaradhiGrandhi",
                    "reTweetLocation": ""
                },
                "retweetID_1542347405425016832": {
                    "retweetID": "1542347405425016832",
                    "reUserName": "Shiva03333180",
                    "reTweetName": "Shiva",
                    "reTweetLocation": ""
                },
                "retweetID_1286281494617563136": {
                    "retweetID": "1286281494617563136",
                    "reUserName": "TheAmairHussain",
                    "reTweetName": "THE AMAIR HUSSAIN",
                    "reTweetLocation": ""
                },
                "retweetID_161634802": {
                    "retweetID": "161634802",
                    "reUserName": "nistula",
                    "reTweetName": "Nistula Hebbar",
                    "reTweetLocation": ""
                }
            },
            "newsLikesDict": {
                "likesID_335803271": {
                    "likesID": "335803271",
                    "likesUserName": "kumarakshay166",
                    "LikesName": "Akshay Kumar",
                    "Location": ""
                },
                "likesID_1467053885420294145": {
                    "likesID": "1467053885420294145",
                    "likesUserName": "Debasis46631486",
                    "LikesName": "aranyak",
                    "Location": ""
                },
                "likesID_3457913893": {
                    "likesID": "3457913893",
                    "likesUserName": "pulkitmehra26",
                    "LikesName": "Pulkit Mehra",
                    "Location": ""
                },
                "likesID_1458793713258221570": {
                    "likesID": "1458793713258221570",
                    "likesUserName": "vishaldora007",
                    "LikesName": "Vishal 007",
                    "Location": ""
                },
                "likesID_1081788362883657733": {
                    "likesID": "1081788362883657733",
                    "likesUserName": "PoonamM66027929",
                    "LikesName": "POONAM MISHRA",
                    "Location": ""
                },
                "likesID_915870101282349057": {
                    "likesID": "915870101282349057",
                    "likesUserName": "tushar_naya",
                    "LikesName": "DR TUSHARKANTI NAYAK",
                    "Location": ""
                },
                "likesID_1387445076117180421": {
                    "likesID": "1387445076117180421",
                    "likesUserName": "DevSing07534244",
                    "LikesName": "Dev Singh",
                    "Location": ""
                },
                "likesID_987947417109647360": {
                    "likesID": "987947417109647360",
                    "likesUserName": "Bisu284011",
                    "LikesName": "Biswajit",
                    "Location": ""
                },
                "likesID_1229349067588689920": {
                    "likesID": "1229349067588689920",
                    "likesUserName": "_im_akarsh",
                    "LikesName": "AkarshGotNoChill.",
                    "Location": ""
                },
                "likesID_754329982801813504": {
                    "likesID": "754329982801813504",
                    "likesUserName": "Sandeep75339874",
                    "LikesName": "Sandeep Sharma",
                    "Location": ""
                },
                "likesID_1250071834915151872": {
                    "likesID": "1250071834915151872",
                    "likesUserName": "Satyapr78049500",
                    "LikesName": "Satyaprakash Nagar(    ...",
                    "Location": ""
                },
                "likesID_1306449387875377152": {
                    "likesID": "1306449387875377152",
                    "likesUserName": "SunnySatwinder3",
                    "LikesName": " ",
                    "Location": ""
                },
                "likesID_1536948602991349760": {
                    "likesID": "1536948602991349760",
                    "likesUserName": "MohdKaifAliKha4",
                    "LikesName": "Mohd Kaif Ali Khan 47",
                    "Location": ""
                },
                "likesID_1129978103575351297": {
                    "likesID": "1129978103575351297",
                    "likesUserName": "YogeshY92816019",
                    "LikesName": "yogesh",
                    "Location": ""
                },
                "likesID_3252297158": {
                    "likesID": "3252297158",
                    "likesUserName": "srajiv8858",
                    "LikesName": "   ",
                    "Location": ""
                },
                "likesID_1118896057193127936": {
                    "likesID": "1118896057193127936",
                    "likesUserName": "viveknali2020",
                    "LikesName": "NALI VIVEK ",
                    "Location": ""
                },
                "likesID_1109011775704334336": {
                    "likesID": "1109011775704334336",
                    "likesUserName": "nitinpankhniya",
                    "LikesName": "Nitin Pankhaniya ",
                    "Location": ""
                },
                "likesID_1481070367586545666": {
                    "likesID": "1481070367586545666",
                    "likesUserName": "gauthammygapu11",
                    "LikesName": "Gautham Mygapu",
                    "Location": ""
                },
                "likesID_1213728992437555200": {
                    "likesID": "1213728992437555200",
                    "likesUserName": "iavantikaaa",
                    "LikesName": "Avantika",
                    "Location": ""
                },
                "likesID_1056947062074413058": {
                    "likesID": "1056947062074413058",
                    "likesUserName": "matavaishno_inc",
                    "LikesName": "Rab_Di_Gaddi11",
                    "Location": ""
                },
                "likesID_1278339047019048968": {
                    "likesID": "1278339047019048968",
                    "likesUserName": "HariSha05700754",
                    "LikesName": "Hari Sharma",
                    "Location": ""
                },
                "likesID_1246137508775092224": {
                    "likesID": "1246137508775092224",
                    "likesUserName": "SHAHIDPEER14",
                    "LikesName": "SHAHID PEER",
                    "Location": ""
                },
                "likesID_1367054821715451908": {
                    "likesID": "1367054821715451908",
                    "likesUserName": "Manish78994186",
                    "LikesName": "Manish Sharma",
                    "Location": ""
                },
                "likesID_1413491828683206665": {
                    "likesID": "1413491828683206665",
                    "likesUserName": "Vipinkumar2149",
                    "LikesName": "Vipin Kumar",
                    "Location": ""
                },
                "likesID_851296553654300672": {
                    "likesID": "851296553654300672",
                    "likesUserName": "SOMNATHPANJA17",
                    "LikesName": "SOMNATH PANJA",
                    "Location": ""
                },
                "likesID_748089373544038400": {
                    "likesID": "748089373544038400",
                    "likesUserName": "ianshvats",
                    "LikesName": "ansh vats",
                    "Location": ""
                },
                "likesID_1539924886642098176": {
                    "likesID": "1539924886642098176",
                    "likesUserName": "Mayur88732790",
                    "LikesName": "Mayur Pandey",
                    "Location": ""
                },
                "likesID_2334990637": {
                    "likesID": "2334990637",
                    "likesUserName": "urbanrural1",
                    "LikesName": "Sam.N. ",
                    "Location": ""
                },
                "likesID_3036308881": {
                    "likesID": "3036308881",
                    "likesUserName": "human_abhipatil",
                    "LikesName": "Abhimanyu A. Gadekar Patil",
                    "Location": ""
                },
                "likesID_2268353142": {
                    "likesID": "2268353142",
                    "likesUserName": "Swajidulislam",
                    "LikesName": "Swajidul Islam",
                    "Location": ""
                },
                "likesID_1475823523100717057": {
                    "likesID": "1475823523100717057",
                    "likesUserName": "Sudhans04514249",
                    "LikesName": "i@msudhansu sharma",
                    "Location": ""
                },
                "likesID_942007401129025536": {
                    "likesID": "942007401129025536",
                    "likesUserName": "vineetyadav_au",
                    "LikesName": "Vineet Yadav",
                    "Location": ""
                },
                "likesID_3649703773": {
                    "likesID": "3649703773",
                    "likesUserName": "khabrimishra",
                    "LikesName": "Ishita Mishra",
                    "Location": ""
                },
                "likesID_1142800477949693954": {
                    "likesID": "1142800477949693954",
                    "likesUserName": "AkhileshWariyal",
                    "LikesName": " ",
                    "Location": ""
                },
                "likesID_1336383353939918849": {
                    "likesID": "1336383353939918849",
                    "likesUserName": "hemmalhembrom",
                    "LikesName": "Hemmal Hembrom",
                    "Location": ""
                },
                "likesID_1207534394631540736": {
                    "likesID": "1207534394631540736",
                    "likesUserName": "tc_riyas",
                    "LikesName": "Muhammed Riyas Tc",
                    "Location": ""
                },
                "likesID_1132321357113376771": {
                    "likesID": "1132321357113376771",
                    "likesUserName": "freefolk03",
                    "LikesName": "Pratyush Rai",
                    "Location": ""
                },
                "likesID_1322232495543214080": {
                    "likesID": "1322232495543214080",
                    "likesUserName": "vaisa_99",
                    "LikesName": "VaibhavGupta",
                    "Location": ""
                },
                "likesID_1463704449013063682": {
                    "likesID": "1463704449013063682",
                    "likesUserName": "Shashan74427467",
                    "LikesName": "Shashank Tripathi",
                    "Location": ""
                },
                "likesID_1481125351044845576": {
                    "likesID": "1481125351044845576",
                    "likesUserName": "SamiAhm52292091",
                    "LikesName": "Sami Ahmad",
                    "Location": ""
                },
                "likesID_958597873549152256": {
                    "likesID": "958597873549152256",
                    "likesUserName": "AlbertAncil",
                    "LikesName": "Albert Ancil",
                    "Location": ""
                },
                "likesID_1300647705572597760": {
                    "likesID": "1300647705572597760",
                    "likesUserName": "Raushan24189736",
                    "LikesName": "Raushan Kumar Pandey",
                    "Location": ""
                },
                "likesID_806004910294581248": {
                    "likesID": "806004910294581248",
                    "likesUserName": "PrakashShashvat",
                    "LikesName": "Shashvat Prakash",
                    "Location": ""
                },
                "likesID_2897711132": {
                    "likesID": "2897711132",
                    "likesUserName": "tuhinmandal27",
                    "LikesName": "Tuhin Mandal",
                    "Location": ""
                },
                "likesID_1459567462475710468": {
                    "likesID": "1459567462475710468",
                    "likesUserName": "VikashK90592385",
                    "LikesName": "Vikash Kumar",
                    "Location": ""
                },
                "likesID_2876759212": {
                    "likesID": "2876759212",
                    "likesUserName": "prashanth2502",
                    "LikesName": "ChintuikoN",
                    "Location": ""
                },
                "likesID_1138690480030474240": {
                    "likesID": "1138690480030474240",
                    "likesUserName": "HimanshuSawlan2",
                    "LikesName": "Himanshu Sawlani",
                    "Location": ""
                },
                "likesID_1073422218430955521": {
                    "likesID": "1073422218430955521",
                    "likesUserName": "_SATYAM__",
                    "LikesName": "Satyam ",
                    "Location": ""
                },
                "likesID_1396997190023741440": {
                    "likesID": "1396997190023741440",
                    "likesUserName": "ritish_pandit",
                    "LikesName": "Ritish Pandit",
                    "Location": ""
                },
                "likesID_709672422765559808": {
                    "likesID": "709672422765559808",
                    "likesUserName": "BSRauthan",
                    "LikesName": "BIPINSINGH R RAUTHAN",
                    "Location": ""
                },
                "likesID_1549029631587586048": {
                    "likesID": "1549029631587586048",
                    "likesUserName": "AnjaliAanjana",
                    "LikesName": "aanjana anjali",
                    "Location": ""
                },
                "likesID_1389625177491730432": {
                    "likesID": "1389625177491730432",
                    "likesUserName": "KumarSh90881547",
                    "LikesName": "Kumar shivam",
                    "Location": ""
                },
                "likesID_774284730653081600": {
                    "likesID": "774284730653081600",
                    "likesUserName": "Ankush___Gupta",
                    "LikesName": "Ankush Gupta",
                    "Location": ""
                },
                "likesID_989199838716841991": {
                    "likesID": "989199838716841991",
                    "likesUserName": "NaveenT05233625",
                    "LikesName": "Naveen Tanwar",
                    "Location": ""
                },
                "likesID_2433793224": {
                    "likesID": "2433793224",
                    "likesUserName": "harish14101996",
                    "LikesName": "Harish",
                    "Location": ""
                },
                "likesID_1182502484884910080": {
                    "likesID": "1182502484884910080",
                    "likesUserName": "Niksnikhil999",
                    "LikesName": "Nikhil",
                    "Location": ""
                },
                "likesID_1546377991495618560": {
                    "likesID": "1546377991495618560",
                    "likesUserName": "harsha259296",
                    "LikesName": "Harshailesh",
                    "Location": ""
                },
                "likesID_1420596835471618053": {
                    "likesID": "1420596835471618053",
                    "likesUserName": "AlishaP57641742",
                    "LikesName": "Alisha Priyadarshini ",
                    "Location": ""
                }
            },
            "newsCommentDict": {
                "commentID_1549048543687557120": {
                    "commentUserID": "754329982801813504",
                    "commentID": "1549048543687557120",
                    "commentText": "@the_hindu @neutranino Ifk",
                    "location": "New Delhi, India"
                },
                "commentID_1549045245479858179": {
                    "commentUserID": "1481450733254090755",
                    "commentID": "1549045245479858179",
                    "commentText": "@the_hindu @neutranino Hindu kaun",
                    "location": ""
                }
            }
        },
        "newsId_1549041469419290624": {
            "id": "1549041469419290624",
            "text": "RT @THexplains: Explained | What are the highlights of the World Population Prospects 2022? Did #COVID-19 impact population growth? What ar",
            "newsRetweetDict": {},
            "newsLikesDict": {}
        },
        "newsId_1549039103718588416": {
            "id": "1549039103718588416",
            "text": "Take a look at the top stories right now at\nhttps://t.co/pfo1nKLfco https://t.co/vAuq7skmvM",
            "newsRetweetDict": {
                "retweetID_1542347405425016832": {
                    "retweetID": "1542347405425016832",
                    "reUserName": "Shiva03333180",
                    "reTweetName": "Shiva",
                    "reTweetLocation": ""
                },
                "retweetID_1529271082989289472": {
                    "retweetID": "1529271082989289472",
                    "reUserName": "VishalR19323035",
                    "reTweetName": "Vishal Rana",
                    "reTweetLocation": ""
                },
                "retweetID_545110987": {
                    "retweetID": "545110987",
                    "reUserName": "LangaMahesh",
                    "reTweetName": "Mahesh Langa",
                    "reTweetLocation": ""
                }
            },
            "newsLikesDict": {
                "likesID_166514058": {
                    "likesID": "166514058",
                    "likesUserName": "anoopyadav210",
                    "LikesName": "ANOOP YADAV",
                    "Location": ""
                },
                "likesID_748089373544038400": {
                    "likesID": "748089373544038400",
                    "likesUserName": "ianshvats",
                    "LikesName": "ansh vats",
                    "Location": ""
                },
                "likesID_1152321681890824193": {
                    "likesID": "1152321681890824193",
                    "likesUserName": "Hanuman66715205",
                    "LikesName": "Hanuman Prasad",
                    "Location": ""
                },
                "likesID_1301089500920074241": {
                    "likesID": "1301089500920074241",
                    "likesUserName": "kaviti_santosh",
                    "LikesName": "Kaviti Santosh Kumar",
                    "Location": ""
                },
                "likesID_1279067435346178049": {
                    "likesID": "1279067435346178049",
                    "likesUserName": "GauravS81256375",
                    "LikesName": "Gaurav Singh",
                    "Location": ""
                },
                "likesID_1529271082989289472": {
                    "likesID": "1529271082989289472",
                    "likesUserName": "VishalR19323035",
                    "LikesName": "Vishal Rana",
                    "Location": ""
                },
                "likesID_1255449435032739840": {
                    "likesID": "1255449435032739840",
                    "likesUserName": "q13_asif",
                    "LikesName": "Mohammed Asif Qureshi",
                    "Location": ""
                },
                "likesID_1310837153652326405": {
                    "likesID": "1310837153652326405",
                    "likesUserName": "RajAman61872809",
                    "LikesName": "Raj Aman",
                    "Location": ""
                },
                "likesID_3036308881": {
                    "likesID": "3036308881",
                    "likesUserName": "human_abhipatil",
                    "LikesName": "Abhimanyu A. Gadekar Patil",
                    "Location": ""
                },
                "likesID_1436646947046060036": {
                    "likesID": "1436646947046060036",
                    "likesUserName": "NileshK98080022",
                    "LikesName": "Nilesh Kumar",
                    "Location": ""
                },
                "likesID_1207952614433816577": {
                    "likesID": "1207952614433816577",
                    "likesUserName": "BalramP49507446",
                    "LikesName": "Balram Pal",
                    "Location": ""
                },
                "likesID_954999334491381761": {
                    "likesID": "954999334491381761",
                    "likesUserName": "BoghawalaHemali",
                    "LikesName": "Hemali Boghawala",
                    "Location": ""
                },
                "likesID_1251764735026122752": {
                    "likesID": "1251764735026122752",
                    "likesUserName": "RAJPUT__BOY___",
                    "LikesName": "Bhargavsinh_Parmar",
                    "Location": ""
                },
                "likesID_2876759212": {
                    "likesID": "2876759212",
                    "likesUserName": "prashanth2502",
                    "LikesName": "ChintuikoN",
                    "Location": ""
                },
                "likesID_545110987": {
                    "likesID": "545110987",
                    "likesUserName": "LangaMahesh",
                    "LikesName": "Mahesh Langa",
                    "Location": ""
                },
                "likesID_356095076": {
                    "likesID": "356095076",
                    "likesUserName": "sing_vikram",
                    "LikesName": "Vikram  singh",
                    "Location": ""
                },
                "likesID_165910410": {
                    "likesID": "165910410",
                    "likesUserName": "md_arif_24",
                    "LikesName": "mohammed arif uddin",
                    "Location": ""
                },
                "likesID_1262867043759427585": {
                    "likesID": "1262867043759427585",
                    "likesUserName": "prashan04729792",
                    "LikesName": "Prashant kumar pandey",
                    "Location": ""
                },
                "likesID_1420596835471618053": {
                    "likesID": "1420596835471618053",
                    "likesUserName": "AlishaP57641742",
                    "LikesName": "Alisha Priyadarshini ",
                    "Location": ""
                }
            }
        }
    }
}