{
    "20751449": {
        "newsAccountDetails": {
            "id": "20751449",
            "newsaccounthandler": "the_hindu",
            "capturedate": "2022-07-19 16:11:22.274549",
            "location": "Chennai, India"
        },
        "newsId_1549411246906249216": {
            "id": "1549411246906249216",
            "text": "Passenger volume at #Mumbais Chhatrapati Shivaji Maharaj International Airport spiked 132% year-on-year at 16.84 million in the first half of 2022, the private airport operator said.\nhttps://t.co/olRgbKuP6i",
            "newsRetweetDict": {},
            "newsLikesDict": {
                "likesID_1544978662482903041": {
                    "likesID": "1544978662482903041",
                    "likesUserName": "VermaShivrani",
                    "LikesName": "   ",
                    "Location": ""
                }
            }
        },
        "newsId_1549408774372352003": {
            "id": "1549408774372352003",
            "text": "More than 200 people have died from hunger this month in northeastern #Uganda, where a prolonged drought and rampant insecurity have left more than half a million facing starvation, a local official and a charity worker said.\nhttps://t.co/ugKOPFQHjd",
            "newsRetweetDict": {
                "retweetID_3328731710": {
                    "retweetID": "3328731710",
                    "reUserName": "Rajendra1857",
                    "reTweetName": "Rajendra Jadhav",
                    "reTweetLocation": ""
                },
                "retweetID_1220008804101656576": {
                    "retweetID": "1220008804101656576",
                    "reUserName": "_AjAYTA_Singh",
                    "reTweetName": "Ajay pratap Singh",
                    "reTweetLocation": ""
                },
                "retweetID_1405922363057655812": {
                    "retweetID": "1405922363057655812",
                    "reUserName": "adityakhekade01",
                    "reTweetName": "Enough Editz",
                    "reTweetLocation": ""
                },
                "retweetID_1290721531081809920": {
                    "retweetID": "1290721531081809920",
                    "reUserName": "C0smicH0riz0n",
                    "reTweetName": "Cosmic Horizon",
                    "reTweetLocation": ""
                }
            },
            "newsLikesDict": {
                "likesID_1065143174350352384": {
                    "likesID": "1065143174350352384",
                    "likesUserName": "PankajPJ101",
                    "LikesName": "Pankaj Yadav",
                    "Location": ""
                },
                "likesID_1512722824204808205": {
                    "likesID": "1512722824204808205",
                    "likesUserName": "Shekhar___295",
                    "LikesName": "Shekhar Thakur",
                    "Location": ""
                },
                "likesID_4820753978": {
                    "likesID": "4820753978",
                    "likesUserName": "ASreedharen",
                    "LikesName": "Ac Sreedharen",
                    "Location": ""
                },
                "likesID_1531253543604486144": {
                    "likesID": "1531253543604486144",
                    "likesUserName": "SaisrujanaGour1",
                    "LikesName": "Sai srujana Gourishetty",
                    "Location": ""
                },
                "likesID_1142800477949693954": {
                    "likesID": "1142800477949693954",
                    "likesUserName": "AkhileshWariyal",
                    "LikesName": " ",
                    "Location": ""
                },
                "likesID_923625444661870593": {
                    "likesID": "923625444661870593",
                    "likesUserName": "Aravind535",
                    "LikesName": "Aravind R",
                    "Location": ""
                },
                "likesID_1092615964485545984": {
                    "likesID": "1092615964485545984",
                    "likesUserName": "Shubham36663795",
                    "LikesName": "Shubhamgarg",
                    "Location": ""
                },
                "likesID_814086928245129216": {
                    "likesID": "814086928245129216",
                    "likesUserName": "aaryan_091",
                    "LikesName": "Aaryannnnnn_6 ",
                    "Location": ""
                },
                "likesID_1352347608845594630": {
                    "likesID": "1352347608845594630",
                    "likesUserName": "Dhanjee99",
                    "LikesName": "Dhanjee Pandey",
                    "Location": ""
                },
                "likesID_1307681423113949186": {
                    "likesID": "1307681423113949186",
                    "likesUserName": "sumitojha0804",
                    "LikesName": "Sumitojha0804",
                    "Location": ""
                },
                "likesID_3328731710": {
                    "likesID": "3328731710",
                    "likesUserName": "Rajendra1857",
                    "LikesName": "Rajendra Jadhav",
                    "Location": ""
                },
                "likesID_816276016545009665": {
                    "likesID": "816276016545009665",
                    "likesUserName": "mdtaskinwaquar",
                    "LikesName": "Md Taskin Waquar",
                    "Location": ""
                },
                "likesID_1385228726183596034": {
                    "likesID": "1385228726183596034",
                    "likesUserName": "PanKeval",
                    "LikesName": "KEVAL PAN",
                    "Location": ""
                },
                "likesID_1299899557": {
                    "likesID": "1299899557",
                    "likesUserName": "Arunganesh273",
                    "LikesName": "arunga",
                    "Location": ""
                },
                "likesID_832212531250941952": {
                    "likesID": "832212531250941952",
                    "likesUserName": "suvrat0",
                    "LikesName": "SUVRAT PANDEY",
                    "Location": ""
                },
                "likesID_1459567462475710468": {
                    "likesID": "1459567462475710468",
                    "likesUserName": "VikashK90592385",
                    "LikesName": "Vikash Kumar",
                    "Location": ""
                },
                "likesID_740032135738753024": {
                    "likesID": "740032135738753024",
                    "likesUserName": "Samatha_Mathew",
                    "LikesName": "Samatha Mathew  (She/her)",
                    "Location": ""
                }
            }
        },
        "newsId_1549407527036649472": {
            "id": "1549407527036649472",
            "text": "Just in | #ED arrests former #Mumbai Police Commissioner #SanjayPandey in a money laundering case, reports @deveshpd",
            "newsRetweetDict": {
                "retweetID_161634802": {
                    "retweetID": "161634802",
                    "reUserName": "nistula",
                    "reTweetName": "Nistula Hebbar",
                    "reTweetLocation": ""
                },
                "retweetID_1331847209277476867": {
                    "retweetID": "1331847209277476867",
                    "reUserName": "AmitJha16095574",
                    "reTweetName": "Amit Jha",
                    "reTweetLocation": ""
                }
            },
            "newsLikesDict": {
                "likesID_1142800477949693954": {
                    "likesID": "1142800477949693954",
                    "likesUserName": "AkhileshWariyal",
                    "LikesName": " ",
                    "Location": ""
                },
                "likesID_1202143951785873408": {
                    "likesID": "1202143951785873408",
                    "likesUserName": "Aadilkh95045241",
                    "LikesName": "Aadil khan",
                    "Location": ""
                },
                "likesID_1072476982288371713": {
                    "likesID": "1072476982288371713",
                    "likesUserName": "palden_sherap",
                    "LikesName": "Sherap Palden Sherpa",
                    "Location": ""
                },
                "likesID_2700121999": {
                    "likesID": "2700121999",
                    "likesUserName": "rstomar4041",
                    "LikesName": "Rahul Singh tomar",
                    "Location": ""
                },
                "likesID_1140831746176368641": {
                    "likesID": "1140831746176368641",
                    "likesUserName": "KamalSingh_1711",
                    "LikesName": "Kamal Singh",
                    "Location": ""
                },
                "likesID_919424037037551619": {
                    "likesID": "919424037037551619",
                    "likesUserName": "NilSark15700227",
                    "LikesName": "Nil Sarkar",
                    "Location": ""
                },
                "likesID_4841300114": {
                    "likesID": "4841300114",
                    "likesUserName": "sureshkhileryd1",
                    "LikesName": "Suresh khilery (Bishnoi) ",
                    "Location": ""
                },
                "likesID_1095180143356563457": {
                    "likesID": "1095180143356563457",
                    "likesUserName": "MANIYAD62941608",
                    "LikesName": "Mani yadav",
                    "Location": ""
                },
                "likesID_4018422617": {
                    "likesID": "4018422617",
                    "likesUserName": "premsreddy619",
                    "LikesName": "Prem S Reddy",
                    "Location": ""
                },
                "likesID_1067699633428680705": {
                    "likesID": "1067699633428680705",
                    "likesUserName": "DivyaDu15900497",
                    "LikesName": "DivyaDutta",
                    "Location": ""
                },
                "likesID_1299899557": {
                    "likesID": "1299899557",
                    "likesUserName": "Arunganesh273",
                    "LikesName": "arunga",
                    "Location": ""
                },
                "likesID_768044540888514560": {
                    "likesID": "768044540888514560",
                    "likesUserName": "roohiitgupta",
                    "LikesName": "Rohit Gupta",
                    "Location": ""
                },
                "likesID_948225518549090304": {
                    "likesID": "948225518549090304",
                    "likesUserName": "RitikKanojia10",
                    "LikesName": "Ritik Kanojia",
                    "Location": ""
                },
                "likesID_885861416363859970": {
                    "likesID": "885861416363859970",
                    "likesUserName": "Krishna33983987",
                    "LikesName": "Krishna Tiwari",
                    "Location": ""
                },
                "likesID_773612215756783616": {
                    "likesID": "773612215756783616",
                    "likesUserName": "Abaashish000",
                    "LikesName": "Aashish Bhardwaj",
                    "Location": ""
                },
                "likesID_965202325114679296": {
                    "likesID": "965202325114679296",
                    "likesUserName": "therawpost",
                    "LikesName": "Zahid khan @TRP",
                    "Location": ""
                },
                "likesID_1438458576549285890": {
                    "likesID": "1438458576549285890",
                    "likesUserName": "hinduyadav12345",
                    "LikesName": "Amrish Puri",
                    "Location": ""
                },
                "likesID_794861405367308288": {
                    "likesID": "794861405367308288",
                    "likesUserName": "KumarSwadharm",
                    "LikesName": "Prof Swadharm Kumar,AAP Nalanda,Spokesperson.",
                    "Location": ""
                },
                "likesID_1385228726183596034": {
                    "likesID": "1385228726183596034",
                    "likesUserName": "PanKeval",
                    "LikesName": "KEVAL PAN",
                    "Location": ""
                },
                "likesID_1317857815843647489": {
                    "likesID": "1317857815843647489",
                    "likesUserName": "MayankP65521514",
                    "LikesName": "chinku",
                    "Location": ""
                },
                "likesID_1253623020519710720": {
                    "likesID": "1253623020519710720",
                    "likesUserName": "Mht_Gupta",
                    "LikesName": "Mohit Gupta",
                    "Location": ""
                },
                "likesID_777485293343633408": {
                    "likesID": "777485293343633408",
                    "likesUserName": "whochouhan",
                    "LikesName": "rohit chouhan",
                    "Location": ""
                },
                "likesID_1049591049516011523": {
                    "likesID": "1049591049516011523",
                    "likesUserName": "Ashanarayana1",
                    "LikesName": "Ashanarayana",
                    "Location": ""
                },
                "likesID_2242851378": {
                    "likesID": "2242851378",
                    "likesUserName": "CHANDANIMAYANK",
                    "LikesName": "Mayank Chandani",
                    "Location": ""
                },
                "likesID_1389625177491730432": {
                    "likesID": "1389625177491730432",
                    "likesUserName": "KumarSh90881547",
                    "LikesName": "Kumar shivam",
                    "Location": ""
                },
                "likesID_1263184405259943936": {
                    "likesID": "1263184405259943936",
                    "likesUserName": "RahulSh25970418",
                    "LikesName": "Rahul Sharma",
                    "Location": ""
                },
                "likesID_951440739178758144": {
                    "likesID": "951440739178758144",
                    "likesUserName": "bihari002",
                    "LikesName": " MAN",
                    "Location": ""
                },
                "likesID_1170626573952634882": {
                    "likesID": "1170626573952634882",
                    "likesUserName": "mohitdont",
                    "LikesName": "Mohit Jha",
                    "Location": ""
                },
                "likesID_1351039776342867970": {
                    "likesID": "1351039776342867970",
                    "likesUserName": "imudayraj_",
                    "LikesName": "Uday Raj Ugan",
                    "Location": ""
                },
                "likesID_1283235512837304320": {
                    "likesID": "1283235512837304320",
                    "likesUserName": "BBChaudhary08",
                    "LikesName": "B B Chaudhary",
                    "Location": ""
                },
                "likesID_989825490650255360": {
                    "likesID": "989825490650255360",
                    "likesUserName": "Guru81961700",
                    "LikesName": "Guru",
                    "Location": ""
                },
                "likesID_2438754180": {
                    "likesID": "2438754180",
                    "likesUserName": "khinchiinsight9",
                    "LikesName": "Santu khinchi",
                    "Location": ""
                },
                "likesID_829909155221733376": {
                    "likesID": "829909155221733376",
                    "likesUserName": "jobuleon",
                    "LikesName": "yobu",
                    "Location": ""
                },
                "likesID_1132509808177819649": {
                    "likesID": "1132509808177819649",
                    "likesUserName": "reelu_abhi",
                    "LikesName": "Abinash",
                    "Location": ""
                },
                "likesID_1210977675352793089": {
                    "likesID": "1210977675352793089",
                    "likesUserName": "CTLALTDEL2020",
                    "LikesName": "Common man",
                    "Location": ""
                },
                "likesID_1459567462475710468": {
                    "likesID": "1459567462475710468",
                    "likesUserName": "VikashK90592385",
                    "LikesName": "Vikash Kumar",
                    "Location": ""
                }
            }
        },
        "newsId_1549406234528317454": {
            "id": "1549406234528317454",
            "text": "The Comptroller and Auditor General (CAG) has pulled up the Telecom Department for not finalising policy on spectrum assignment for captive uses and flagged the absence of spectrum price review for captive users administratively.\nhttps://t.co/vwwaCow6cE",
            "newsRetweetDict": {
                "retweetID_1290721531081809920": {
                    "retweetID": "1290721531081809920",
                    "reUserName": "C0smicH0riz0n",
                    "reTweetName": "Cosmic Horizon",
                    "reTweetLocation": ""
                }
            },
            "newsLikesDict": {
                "likesID_989825490650255360": {
                    "likesID": "989825490650255360",
                    "likesUserName": "Guru81961700",
                    "LikesName": "Guru",
                    "Location": ""
                },
                "likesID_3230658768": {
                    "likesID": "3230658768",
                    "likesUserName": "iBedardiRaja",
                    "LikesName": "",
                    "Location": ""
                },
                "likesID_955873654641852416": {
                    "likesID": "955873654641852416",
                    "likesUserName": "dhiraj_avinash",
                    "LikesName": "Avinash Dhiraj",
                    "Location": ""
                },
                "likesID_1436375890779250691": {
                    "likesID": "1436375890779250691",
                    "likesUserName": "kumarrupinder99",
                    "LikesName": "rupinder kumar",
                    "Location": ""
                },
                "likesID_1506340012421386244": {
                    "likesID": "1506340012421386244",
                    "likesUserName": "thenoblewolf31",
                    "LikesName": "Jestin Mathew",
                    "Location": ""
                },
                "likesID_2934954819": {
                    "likesID": "2934954819",
                    "likesUserName": "caanupam7",
                    "LikesName": "CA Anupam Sharma",
                    "Location": ""
                },
                "likesID_878152705176248320": {
                    "likesID": "878152705176248320",
                    "likesUserName": "sagarchavhan05",
                    "LikesName": "SAGAR CHAVHAN",
                    "Location": ""
                },
                "likesID_21658034": {
                    "likesID": "21658034",
                    "likesUserName": "sanvai",
                    "LikesName": "SanthanamVaidya",
                    "Location": ""
                }
            }
        },
        "newsId_1549403730730156036": {
            "id": "1549403730730156036",
            "text": "#DataPoint | The southwest #monsoon is yet to arrive in #UttarPradesh, #Bihar, #Jharkhand, Gangetic #WestBengal, and #Punjab. In three of these regions, paddy output may take a significant hit if rainfall continues to remain poor.\nhttps://t.co/58TFsF2HUq https://t.co/VldGTu7iXs",
            "newsRetweetDict": {
                "retweetID_1290721531081809920": {
                    "retweetID": "1290721531081809920",
                    "reUserName": "C0smicH0riz0n",
                    "reTweetName": "Cosmic Horizon",
                    "reTweetLocation": ""
                },
                "retweetID_1405837522006122496": {
                    "retweetID": "1405837522006122496",
                    "reUserName": "_IronManofIndia",
                    "reTweetName": "Dr.sasi",
                    "reTweetLocation": ""
                },
                "retweetID_161634802": {
                    "retweetID": "161634802",
                    "reUserName": "nistula",
                    "reTweetName": "Nistula Hebbar",
                    "reTweetLocation": ""
                }
            },
            "newsLikesDict": {
                "likesID_3246848702": {
                    "likesID": "3246848702",
                    "likesUserName": "saurabh1910426",
                    "LikesName": "Saurabh Sharma",
                    "Location": ""
                },
                "likesID_3614725993": {
                    "likesID": "3614725993",
                    "likesUserName": "MeelBijendra",
                    "LikesName": "Bijendra Meel",
                    "Location": ""
                },
                "likesID_71469968": {
                    "likesID": "71469968",
                    "likesUserName": "abhiieeeeee",
                    "LikesName": "A",
                    "Location": ""
                },
                "likesID_458986347": {
                    "likesID": "458986347",
                    "likesUserName": "neerajmehta_",
                    "LikesName": "NeerajMehta",
                    "Location": ""
                },
                "likesID_924947742929182721": {
                    "likesID": "924947742929182721",
                    "likesUserName": "SocialistDeep",
                    "LikesName": "Deepak Yadav",
                    "Location": ""
                },
                "likesID_1005648378951155712": {
                    "likesID": "1005648378951155712",
                    "likesUserName": "jayasimha1233",
                    "LikesName": "Jayasimha Reddy",
                    "Location": ""
                },
                "likesID_1368567066970583042": {
                    "likesID": "1368567066970583042",
                    "likesUserName": "akashchauhan80",
                    "LikesName": "Akash Chauhan",
                    "Location": ""
                },
                "likesID_1175413815501975557": {
                    "likesID": "1175413815501975557",
                    "likesUserName": "MaitreyaRahul",
                    "LikesName": "  ",
                    "Location": ""
                },
                "likesID_1468518299570884609": {
                    "likesID": "1468518299570884609",
                    "likesUserName": "SuyashS78573400",
                    "LikesName": "Suyash Shukla",
                    "Location": ""
                },
                "likesID_1095180143356563457": {
                    "likesID": "1095180143356563457",
                    "likesUserName": "MANIYAD62941608",
                    "LikesName": "Mani yadav",
                    "Location": ""
                },
                "likesID_3182481331": {
                    "likesID": "3182481331",
                    "likesUserName": "skchopra007",
                    "LikesName": "Sid Chopra",
                    "Location": ""
                },
                "likesID_1236187602811682816": {
                    "likesID": "1236187602811682816",
                    "likesUserName": "Akshaygalagali2",
                    "LikesName": "Akshay galagali",
                    "Location": ""
                },
                "likesID_1176161703676899328": {
                    "likesID": "1176161703676899328",
                    "likesUserName": "PrabhuPrasadP19",
                    "LikesName": "Prabhu Prasad Panda",
                    "Location": ""
                },
                "likesID_4022650338": {
                    "likesID": "4022650338",
                    "likesUserName": "AnirudhValluri",
                    "LikesName": "Anirudh Valluri",
                    "Location": ""
                },
                "likesID_1015992212881133569": {
                    "likesID": "1015992212881133569",
                    "likesUserName": "danu_gunjan",
                    "LikesName": "Gunjan Danu",
                    "Location": ""
                },
                "likesID_1475480405893468160": {
                    "likesID": "1475480405893468160",
                    "likesUserName": "KARTIK55034242",
                    "LikesName": "K@rtik BaBariA",
                    "Location": ""
                },
                "likesID_823160856527728641": {
                    "likesID": "823160856527728641",
                    "likesUserName": "nileshy7801",
                    "LikesName": "Nilesh Yadav",
                    "Location": ""
                },
                "likesID_1367054821715451908": {
                    "likesID": "1367054821715451908",
                    "likesUserName": "Manish78994186",
                    "LikesName": "Manish Sharma",
                    "Location": ""
                },
                "likesID_1510463491765063684": {
                    "likesID": "1510463491765063684",
                    "likesUserName": "rohitt_rai",
                    "LikesName": "Rohitt",
                    "Location": ""
                },
                "likesID_1264117910471168000": {
                    "likesID": "1264117910471168000",
                    "likesUserName": "singhshikha_",
                    "LikesName": "Shikha Singh",
                    "Location": ""
                },
                "likesID_4739771960": {
                    "likesID": "4739771960",
                    "likesUserName": "brainwhacked_",
                    "LikesName": "pizza",
                    "Location": ""
                },
                "likesID_1201302193082716161": {
                    "likesID": "1201302193082716161",
                    "likesUserName": "HkRawat143",
                    "LikesName": "Himanshu Kumar Rawat",
                    "Location": ""
                }
            }
        },
        "newsId_1549401204396023810": {
            "id": "1549401204396023810",
            "text": "The Railways has removed on-board service charges on all meals and beverages that are not pre-ordered on premium trains. But there is a catch-- the 50 charge has been added to the prices of snacks, lunches and dinners.\nhttps://t.co/k28pmdk6li",
            "newsRetweetDict": {
                "retweetID_3105136098": {
                    "retweetID": "3105136098",
                    "reUserName": "prashantjha301",
                    "reTweetName": "Prashant Jha",
                    "reTweetLocation": ""
                },
                "retweetID_600117552": {
                    "retweetID": "600117552",
                    "reUserName": "maheshu483",
                    "reTweetName": "Mahesh Kumar",
                    "reTweetLocation": ""
                },
                "retweetID_1112616234309152775": {
                    "retweetID": "1112616234309152775",
                    "reUserName": "Ankitathreya",
                    "reTweetName": "Ankit Athreya",
                    "reTweetLocation": ""
                },
                "retweetID_2541229818": {
                    "retweetID": "2541229818",
                    "reUserName": "skmandin13",
                    "reTweetName": "Dr. Dinesh Goyal",
                    "reTweetLocation": ""
                },
                "retweetID_1234011788401725440": {
                    "retweetID": "1234011788401725440",
                    "reUserName": "AbbasRi44896054",
                    "reTweetName": "Abbas Rizvi",
                    "reTweetLocation": ""
                },
                "retweetID_801824695385346049": {
                    "retweetID": "801824695385346049",
                    "reUserName": "VasilyZaitsev9",
                    "reTweetName": "Sniper",
                    "reTweetLocation": ""
                },
                "retweetID_465495365": {
                    "retweetID": "465495365",
                    "reUserName": "Saryuparin",
                    "reTweetName": "s s tripathy",
                    "reTweetLocation": ""
                },
                "retweetID_1429220559536234502": {
                    "retweetID": "1429220559536234502",
                    "reUserName": "girishtripurana",
                    "reTweetName": "Girish Tripurana",
                    "reTweetLocation": ""
                }
            },
            "newsLikesDict": {
                "likesID_1142800477949693954": {
                    "likesID": "1142800477949693954",
                    "likesUserName": "AkhileshWariyal",
                    "LikesName": " ",
                    "Location": ""
                },
                "likesID_3246848702": {
                    "likesID": "3246848702",
                    "likesUserName": "saurabh1910426",
                    "LikesName": "Saurabh Sharma",
                    "Location": ""
                },
                "likesID_1066941524561313793": {
                    "likesID": "1066941524561313793",
                    "likesUserName": "Ujjwaljain28",
                    "LikesName": "Ujjwal jain",
                    "Location": ""
                },
                "likesID_600117552": {
                    "likesID": "600117552",
                    "likesUserName": "maheshu483",
                    "LikesName": "Mahesh Kumar",
                    "Location": ""
                },
                "likesID_1214769380": {
                    "likesID": "1214769380",
                    "likesUserName": "rabindrarana04",
                    "LikesName": "rabindra rana",
                    "Location": ""
                },
                "likesID_1529798476262805504": {
                    "likesID": "1529798476262805504",
                    "likesUserName": "navaneat",
                    "LikesName": "Navaneeth Sunil",
                    "Location": ""
                },
                "likesID_1435496540856995847": {
                    "likesID": "1435496540856995847",
                    "likesUserName": "niraj_visingh",
                    "LikesName": "Niraj Viram Singh",
                    "Location": ""
                },
                "likesID_1299899557": {
                    "likesID": "1299899557",
                    "likesUserName": "Arunganesh273",
                    "LikesName": "arunga",
                    "Location": ""
                },
                "likesID_2541229818": {
                    "likesID": "2541229818",
                    "likesUserName": "skmandin13",
                    "LikesName": "Dr. Dinesh Goyal",
                    "Location": ""
                },
                "likesID_940072132192505856": {
                    "likesID": "940072132192505856",
                    "likesUserName": "aksrj104",
                    "LikesName": "Akash Singh",
                    "Location": ""
                },
                "likesID_1051210131617136640": {
                    "likesID": "1051210131617136640",
                    "likesUserName": "yirthorus",
                    "LikesName": "Tirtha",
                    "Location": ""
                },
                "likesID_1466303732577046528": {
                    "likesID": "1466303732577046528",
                    "likesUserName": "KundanK85569430",
                    "LikesName": "Mohit",
                    "Location": ""
                },
                "likesID_1539072226154414080": {
                    "likesID": "1539072226154414080",
                    "likesUserName": "ResNaheliya",
                    "LikesName": "Subhash Naheliya",
                    "Location": ""
                },
                "likesID_1410877071874691079": {
                    "likesID": "1410877071874691079",
                    "likesUserName": "hetkumark",
                    "LikesName": " ",
                    "Location": ""
                },
                "likesID_1261663108105302016": {
                    "likesID": "1261663108105302016",
                    "likesUserName": "__ROOHDAAR__",
                    "LikesName": "Ishfaq( )",
                    "Location": ""
                },
                "likesID_1044440491364896769": {
                    "likesID": "1044440491364896769",
                    "likesUserName": "Amrithak_varshi",
                    "LikesName": "Amrithavarshini",
                    "Location": ""
                },
                "likesID_1231878418087604224": {
                    "likesID": "1231878418087604224",
                    "likesUserName": "KaushikPandit15",
                    "LikesName": "_",
                    "Location": ""
                },
                "likesID_465495365": {
                    "likesID": "465495365",
                    "likesUserName": "Saryuparin",
                    "LikesName": "s s tripathy",
                    "Location": ""
                }
            },
            "newsCommentDict": {
                "commentID_1549403544222040065": {
                    "commentUserID": "1548352662948974592",
                    "commentID": "1549403544222040065",
                    "commentText": "@the_hindu #JusticeForDefenceStudents",
                    "location": ""
                }
            }
        },
        "newsId_1549398685389406212": {
            "id": "1549398685389406212",
            "text": "Mathematical modeling approach adopted by #WHO to project excess mortality estimates related to #COVID19 suffers from erroneous assumptions and is unscientific and #India had registered its strong objection, the government informed Parliament.\nhttps://t.co/3WCtE1XK9y",
            "newsRetweetDict": {},
            "newsLikesDict": {
                "likesID_828561906403246080": {
                    "likesID": "828561906403246080",
                    "likesUserName": "chandrakiran146",
                    "LikesName": "chandrakiran",
                    "Location": ""
                },
                "likesID_1475480405893468160": {
                    "likesID": "1475480405893468160",
                    "likesUserName": "KARTIK55034242",
                    "LikesName": "K@rtik BaBariA",
                    "Location": ""
                },
                "likesID_1261663108105302016": {
                    "likesID": "1261663108105302016",
                    "likesUserName": "__ROOHDAAR__",
                    "LikesName": "Ishfaq( )",
                    "Location": ""
                },
                "likesID_1095180143356563457": {
                    "likesID": "1095180143356563457",
                    "likesUserName": "MANIYAD62941608",
                    "LikesName": "Mani yadav",
                    "Location": ""
                },
                "likesID_736940803659071488": {
                    "likesID": "736940803659071488",
                    "likesUserName": "Ummed3169",
                    "LikesName": "Mohammad",
                    "Location": ""
                },
                "likesID_1385169111672508418": {
                    "likesID": "1385169111672508418",
                    "likesUserName": "adarsh__4245",
                    "LikesName": "Rana Adarsh Pratap Singh",
                    "Location": ""
                },
                "likesID_1049591049516011523": {
                    "likesID": "1049591049516011523",
                    "likesUserName": "Ashanarayana1",
                    "LikesName": "Ashanarayana",
                    "Location": ""
                },
                "likesID_1433064559414112260": {
                    "likesID": "1433064559414112260",
                    "likesUserName": "Jagnelokesh13",
                    "LikesName": "Lokesh Jagne",
                    "Location": ""
                },
                "likesID_1263184405259943936": {
                    "likesID": "1263184405259943936",
                    "likesUserName": "RahulSh25970418",
                    "LikesName": "Rahul Sharma",
                    "Location": ""
                },
                "likesID_2613779695": {
                    "likesID": "2613779695",
                    "likesUserName": "bhakta7205",
                    "LikesName": "Er.bhakta ranjan giri",
                    "Location": ""
                },
                "likesID_1061129834615713792": {
                    "likesID": "1061129834615713792",
                    "likesUserName": "AkashIndian_11",
                    "LikesName": "Akash Gupta",
                    "Location": ""
                },
                "likesID_204750534": {
                    "likesID": "204750534",
                    "likesUserName": "dp_dust2dust",
                    "LikesName": "DP",
                    "Location": ""
                },
                "likesID_857497444082491392": {
                    "likesID": "857497444082491392",
                    "likesUserName": "ArumugamNayagam",
                    "LikesName": "Arumugam V Nayagam",
                    "Location": ""
                },
                "likesID_4744211250": {
                    "likesID": "4744211250",
                    "likesUserName": "kabikabhiAditi",
                    "LikesName": "Aditi",
                    "Location": ""
                },
                "likesID_1416265163162808321": {
                    "likesID": "1416265163162808321",
                    "likesUserName": "_its_aadi28",
                    "LikesName": "A D I T Y A",
                    "Location": ""
                }
            },
            "newsCommentDict": {
                "commentID_1549403928084840449": {
                    "commentUserID": "1548352662948974592",
                    "commentID": "1549403928084840449",
                    "commentText": "@the_hindu #JusticeForDefenceStudents",
                    "location": ""
                },
                "commentID_1549400628560019457": {
                    "commentUserID": "132867510",
                    "commentID": "1549400628560019457",
                    "commentText": "@the_hindu Inko kisi ki samajh aati nahi, inki kisi ko samajh aati nahi!",
                    "location": "San Francisco, CA"
                }
            }
        },
        "newsId_1549396163954151427": {
            "id": "1549396163954151427",
            "text": "Opposition's vice president candidate #MargaretAlva said elections do not frighten her as winning and losing is a part of life but the trust of Parliamentarians across parties will help her bring people together and build a strong and united India.\nhttps://t.co/ZbHyNDvs4k",
            "newsRetweetDict": {
                "retweetID_928546292237713409": {
                    "retweetID": "928546292237713409",
                    "reUserName": "TKdaplackal",
                    "reTweetName": "Thomas Kadaplackal",
                    "reTweetLocation": ""
                },
                "retweetID_1345191719449444354": {
                    "retweetID": "1345191719449444354",
                    "reUserName": "v_veeramalla",
                    "reTweetName": "Veeramalla V",
                    "reTweetLocation": ""
                }
            },
            "newsLikesDict": {
                "likesID_1020548562": {
                    "likesID": "1020548562",
                    "likesUserName": "sayedimti",
                    "LikesName": "sayed imtiyaz urrahm",
                    "Location": ""
                },
                "likesID_1300492316633739264": {
                    "likesID": "1300492316633739264",
                    "likesUserName": "Jankish47124903",
                    "LikesName": "Jankisharan Yadav",
                    "Location": ""
                },
                "likesID_137254266": {
                    "likesID": "137254266",
                    "likesUserName": "mohanaper",
                    "LikesName": " ",
                    "Location": ""
                },
                "likesID_3145971127": {
                    "likesID": "3145971127",
                    "likesUserName": "BParvez45",
                    "LikesName": "DXB.BP",
                    "Location": ""
                },
                "likesID_1433072630853079052": {
                    "likesID": "1433072630853079052",
                    "likesUserName": "NijaguniAkkur",
                    "LikesName": "Nijaguni Akkur",
                    "Location": ""
                },
                "likesID_1529669485481046016": {
                    "likesID": "1529669485481046016",
                    "likesUserName": "Rahulgiri_09",
                    "LikesName": "Rahul Giri",
                    "Location": ""
                },
                "likesID_1486912120910319616": {
                    "likesID": "1486912120910319616",
                    "likesUserName": "SSurya49922963",
                    "LikesName": "S Surya",
                    "Location": ""
                },
                "likesID_779686582924242944": {
                    "likesID": "779686582924242944",
                    "likesUserName": "itsabhishek2979",
                    "LikesName": "abhishek raghuwanshi",
                    "Location": ""
                },
                "likesID_1416284827930746882": {
                    "likesID": "1416284827930746882",
                    "likesUserName": "balataishiraga1",
                    "LikesName": "balatai shiraganvi",
                    "Location": ""
                },
                "likesID_1346566170393026560": {
                    "likesID": "1346566170393026560",
                    "likesUserName": "Kanchan20128750",
                    "LikesName": "Kanchan Singh",
                    "Location": ""
                },
                "likesID_1229383682": {
                    "likesID": "1229383682",
                    "likesUserName": "Hardiksawant265",
                    "LikesName": "Hardik $wt",
                    "Location": ""
                },
                "likesID_1453465463065702401": {
                    "likesID": "1453465463065702401",
                    "likesUserName": "Balwind91857987",
                    "LikesName": "Balwinder Singh Gill Promoter",
                    "Location": ""
                },
                "likesID_901120925344477184": {
                    "likesID": "901120925344477184",
                    "likesUserName": "AmalBisai",
                    "LikesName": "Amal Kumar Bisai",
                    "Location": ""
                },
                "likesID_1289085101825863680": {
                    "likesID": "1289085101825863680",
                    "likesUserName": "Sridharbabured1",
                    "LikesName": "Sridharbabureddipalli",
                    "Location": ""
                },
                "likesID_1416265163162808321": {
                    "likesID": "1416265163162808321",
                    "likesUserName": "_its_aadi28",
                    "LikesName": "A D I T Y A",
                    "Location": ""
                },
                "likesID_1117823592022958082": {
                    "likesID": "1117823592022958082",
                    "likesUserName": "imamitchahar09",
                    "LikesName": "amitchahar",
                    "Location": ""
                },
                "likesID_81148292": {
                    "likesID": "81148292",
                    "likesUserName": "VJKNAIR",
                    "LikesName": "VJK",
                    "Location": ""
                },
                "likesID_1105863896793935873": {
                    "likesID": "1105863896793935873",
                    "likesUserName": "AbdulTousheef",
                    "LikesName": "Abdul Tousheef Qureshi",
                    "Location": ""
                },
                "likesID_1245398975781335040": {
                    "likesID": "1245398975781335040",
                    "likesUserName": "Prashant_Chaura",
                    "LikesName": "  ",
                    "Location": ""
                },
                "likesID_2992514779": {
                    "likesID": "2992514779",
                    "likesUserName": "Ramprawesh1983",
                    "LikesName": "ramprawesh Yadav",
                    "Location": ""
                },
                "likesID_1236187602811682816": {
                    "likesID": "1236187602811682816",
                    "likesUserName": "Akshaygalagali2",
                    "LikesName": "Akshay galagali",
                    "Location": ""
                },
                "likesID_84108273": {
                    "likesID": "84108273",
                    "likesUserName": "hbkismy",
                    "LikesName": "Not_in_Mind",
                    "Location": ""
                },
                "likesID_946752818001592320": {
                    "likesID": "946752818001592320",
                    "likesUserName": "shamshad_kne",
                    "LikesName": "M Shamshad Alam",
                    "Location": ""
                },
                "likesID_58790780": {
                    "likesID": "58790780",
                    "likesUserName": "abid_hussain",
                    "LikesName": "Berozgaar Naujawan",
                    "Location": ""
                },
                "likesID_1443240728436559877": {
                    "likesID": "1443240728436559877",
                    "likesUserName": "HumHaiBegusarai",
                    "LikesName": "begusarai",
                    "Location": ""
                },
                "likesID_777578066440626176": {
                    "likesID": "777578066440626176",
                    "likesUserName": "SameerBashar2",
                    "LikesName": "Sameer Bashar",
                    "Location": ""
                },
                "likesID_1161488576112189443": {
                    "likesID": "1161488576112189443",
                    "likesUserName": "Hars_hit_008",
                    "LikesName": "Harshit kumar",
                    "Location": ""
                },
                "likesID_1466636347528130560": {
                    "likesID": "1466636347528130560",
                    "likesUserName": "sahilll94",
                    "LikesName": "Sahil Choudhary",
                    "Location": ""
                },
                "likesID_1439591174231105554": {
                    "likesID": "1439591174231105554",
                    "likesUserName": "Haresh109",
                    "LikesName": "Haresh Chauhan",
                    "Location": ""
                },
                "likesID_1494165523499610112": {
                    "likesID": "1494165523499610112",
                    "likesUserName": "Robindeep012",
                    "LikesName": "Robin",
                    "Location": ""
                },
                "likesID_928546292237713409": {
                    "likesID": "928546292237713409",
                    "likesUserName": "TKdaplackal",
                    "LikesName": "Thomas Kadaplackal",
                    "Location": ""
                },
                "likesID_1261663108105302016": {
                    "likesID": "1261663108105302016",
                    "likesUserName": "__ROOHDAAR__",
                    "LikesName": "Ishfaq( )",
                    "Location": ""
                },
                "likesID_1345191719449444354": {
                    "likesID": "1345191719449444354",
                    "likesUserName": "v_veeramalla",
                    "LikesName": "Veeramalla V",
                    "Location": ""
                },
                "likesID_1468518299570884609": {
                    "likesID": "1468518299570884609",
                    "likesUserName": "SuyashS78573400",
                    "LikesName": "Suyash Shukla",
                    "Location": ""
                },
                "likesID_4847888145": {
                    "likesID": "4847888145",
                    "likesUserName": "skffarooq",
                    "LikesName": "Farooq Ahmed",
                    "Location": ""
                },
                "likesID_1109877158954950656": {
                    "likesID": "1109877158954950656",
                    "likesUserName": "tadwalkar_rahul",
                    "LikesName": "Rahul Tadwalkar",
                    "Location": ""
                },
                "likesID_910493392080998400": {
                    "likesID": "910493392080998400",
                    "likesUserName": "hellorealsac",
                    "LikesName": "S",
                    "Location": ""
                },
                "likesID_1459567462475710468": {
                    "likesID": "1459567462475710468",
                    "likesUserName": "VikashK90592385",
                    "LikesName": "Vikash Kumar",
                    "Location": ""
                }
            },
            "newsCommentDict": {
                "commentID_1549397027523633158": {
                    "commentUserID": "3250520011",
                    "commentID": "1549397027523633158",
                    "commentText": "@the_hindu Thank god she is decent unlike foul mouthed Presidential candidate #YashwantSinha",
                    "location": ""
                },
                "commentID_1549396253162840064": {
                    "commentUserID": "223755823",
                    "commentID": "1549396253162840064",
                    "commentText": "@the_hindu https://t.co/ZTtGYDiHWd\n#Laththi #LaththiCharge #Vishal",
                    "location": "Tamil Nadu, India"
                }
            }
        },
        "newsId_1549393660034383873": {
            "id": "1549393660034383873",
            "text": "A Lashkar-e-Taiba module has brought four of its terrorists to the Pir Panjal belt of #Jammu region from #Kashmir, prompting the police and security agencies to send teams to hunt them down, officials said.\nhttps://t.co/6mEocanbDg",
            "newsRetweetDict": {
                "retweetID_946391835441709056": {
                    "retweetID": "946391835441709056",
                    "reUserName": "TSTirumurti",
                    "reTweetName": "T S Tirumurti",
                    "reTweetLocation": ""
                },
                "retweetID_52730806": {
                    "retweetID": "52730806",
                    "reUserName": "bijugovind",
                    "reTweetName": "biju govind",
                    "reTweetLocation": ""
                },
                "retweetID_799659678": {
                    "retweetID": "799659678",
                    "reUserName": "ManUtd_Rambler",
                    "reTweetName": "ManUtd_Rambler!",
                    "reTweetLocation": ""
                },
                "retweetID_1290721531081809920": {
                    "retweetID": "1290721531081809920",
                    "reUserName": "C0smicH0riz0n",
                    "reTweetName": "Cosmic Horizon",
                    "reTweetLocation": ""
                }
            },
            "newsLikesDict": {
                "likesID_863081397560516612": {
                    "likesID": "863081397560516612",
                    "likesUserName": "paneri_kamlesh",
                    "LikesName": "Kamlesh Paneri",
                    "Location": ""
                },
                "likesID_1416265163162808321": {
                    "likesID": "1416265163162808321",
                    "likesUserName": "_its_aadi28",
                    "LikesName": "A D I T Y A",
                    "Location": ""
                },
                "likesID_1435496540856995847": {
                    "likesID": "1435496540856995847",
                    "likesUserName": "niraj_visingh",
                    "LikesName": "Niraj Viram Singh",
                    "Location": ""
                },
                "likesID_1261663108105302016": {
                    "likesID": "1261663108105302016",
                    "likesUserName": "__ROOHDAAR__",
                    "LikesName": "Ishfaq( )",
                    "Location": ""
                },
                "likesID_1368567066970583042": {
                    "likesID": "1368567066970583042",
                    "likesUserName": "akashchauhan80",
                    "LikesName": "Akash Chauhan",
                    "Location": ""
                },
                "likesID_1468518299570884609": {
                    "likesID": "1468518299570884609",
                    "likesUserName": "SuyashS78573400",
                    "LikesName": "Suyash Shukla",
                    "Location": ""
                },
                "likesID_946391835441709056": {
                    "likesID": "946391835441709056",
                    "likesUserName": "TSTirumurti",
                    "LikesName": "T S Tirumurti",
                    "Location": ""
                },
                "likesID_1515281279901925383": {
                    "likesID": "1515281279901925383",
                    "likesUserName": "Vivekku99765",
                    "LikesName": "Vivek Kumar",
                    "Location": ""
                },
                "likesID_52730806": {
                    "likesID": "52730806",
                    "likesUserName": "bijugovind",
                    "LikesName": "biju govind",
                    "Location": ""
                },
                "likesID_1549390393967779840": {
                    "likesID": "1549390393967779840",
                    "likesUserName": "karuvadi07",
                    "LikesName": "Saikrishna Karuvadi",
                    "Location": ""
                },
                "likesID_1507394743788978176": {
                    "likesID": "1507394743788978176",
                    "likesUserName": "TaneshaDas",
                    "LikesName": "Tanesha Das",
                    "Location": ""
                },
                "likesID_1388056978337894403": {
                    "likesID": "1388056978337894403",
                    "likesUserName": "AbhiMishra1912",
                    "LikesName": "Abhishek Rajeshbhai Mishra",
                    "Location": ""
                },
                "likesID_1351422804814516224": {
                    "likesID": "1351422804814516224",
                    "likesUserName": "CylonOsint",
                    "LikesName": "Cylon Osint",
                    "Location": ""
                },
                "likesID_800941805940445184": {
                    "likesID": "800941805940445184",
                    "likesUserName": "Himanshusinghe1",
                    "LikesName": "Himanshu Singh Neeraj",
                    "Location": ""
                },
                "likesID_3180652687": {
                    "likesID": "3180652687",
                    "likesUserName": "afzal20486",
                    "LikesName": "Afzal Ahmed Khan",
                    "Location": ""
                },
                "likesID_135706377": {
                    "likesID": "135706377",
                    "likesUserName": "spandansb",
                    "LikesName": "Gurubramha",
                    "Location": ""
                },
                "likesID_1459567462475710468": {
                    "likesID": "1459567462475710468",
                    "likesUserName": "VikashK90592385",
                    "LikesName": "Vikash Kumar",
                    "Location": ""
                },
                "likesID_937992722585067520": {
                    "likesID": "937992722585067520",
                    "likesUserName": "SureshM73112211",
                    "LikesName": "Suresh Mallick",
                    "Location": ""
                }
            }
        },
        "newsId_1549391113202679813": {
            "id": "1549391113202679813",
            "text": "MHA informed the #LokSabha that global terrorist groups and foreign agencies have been making efforts to radicalise people, however, inclination towards radical ideologies is miniscule as compared to the population of the country.\nhttps://t.co/vialR9Inp8",
            "newsRetweetDict": {
                "retweetID_52730806": {
                    "retweetID": "52730806",
                    "reUserName": "bijugovind",
                    "reTweetName": "biju govind",
                    "reTweetLocation": ""
                },
                "retweetID_1290721531081809920": {
                    "retweetID": "1290721531081809920",
                    "reUserName": "C0smicH0riz0n",
                    "reTweetName": "Cosmic Horizon",
                    "reTweetLocation": ""
                },
                "retweetID_3237089228": {
                    "retweetID": "3237089228",
                    "reUserName": "MadhuNSH1",
                    "reTweetName": "Madhu N S H",
                    "reTweetLocation": ""
                },
                "retweetID_1118896057193127936": {
                    "retweetID": "1118896057193127936",
                    "reUserName": "viveknali2020",
                    "reTweetName": "NALI VIVEK ",
                    "reTweetLocation": ""
                }
            },
            "newsLikesDict": {
                "likesID_1236900210791444480": {
                    "likesID": "1236900210791444480",
                    "likesUserName": "RoyAranha",
                    "LikesName": "roy aranha",
                    "Location": ""
                },
                "likesID_947084083112296448": {
                    "likesID": "947084083112296448",
                    "likesUserName": "NiyaasAhmed",
                    "LikesName": "Niyaas",
                    "Location": ""
                },
                "likesID_52730806": {
                    "likesID": "52730806",
                    "likesUserName": "bijugovind",
                    "LikesName": "biju govind",
                    "Location": ""
                },
                "likesID_885254730624024577": {
                    "likesID": "885254730624024577",
                    "likesUserName": "Mecukah",
                    "LikesName": "Tage Mali",
                    "Location": ""
                },
                "likesID_937992722585067520": {
                    "likesID": "937992722585067520",
                    "likesUserName": "SureshM73112211",
                    "LikesName": "Suresh Mallick",
                    "Location": ""
                },
                "likesID_905013927745994753": {
                    "likesID": "905013927745994753",
                    "likesUserName": "fviak12",
                    "LikesName": "fvia",
                    "Location": ""
                },
                "likesID_2992514779": {
                    "likesID": "2992514779",
                    "likesUserName": "Ramprawesh1983",
                    "LikesName": "ramprawesh Yadav",
                    "Location": ""
                },
                "likesID_3180652687": {
                    "likesID": "3180652687",
                    "likesUserName": "afzal20486",
                    "LikesName": "Afzal Ahmed Khan",
                    "Location": ""
                },
                "likesID_1269450423024451584": {
                    "likesID": "1269450423024451584",
                    "likesUserName": "AshitPrakash4",
                    "LikesName": "Ashit Prakash",
                    "Location": ""
                },
                "likesID_1190373848799051777": {
                    "likesID": "1190373848799051777",
                    "likesUserName": "Shivohm012",
                    "LikesName": "Adv. Arjun Goyal  ",
                    "Location": ""
                },
                "likesID_232800340": {
                    "likesID": "232800340",
                    "likesUserName": "prasadboyapati1",
                    "LikesName": "Jai Janasena",
                    "Location": ""
                },
                "likesID_801800200238940161": {
                    "likesID": "801800200238940161",
                    "likesUserName": "AKARSHUPADHYAY4",
                    "LikesName": "Akarsh Upadhyay",
                    "Location": ""
                },
                "likesID_1148116654833844224": {
                    "likesID": "1148116654833844224",
                    "likesUserName": "Dwivedi_AUSU",
                    "LikesName": "Abhishek Dwivedi (AUSU )",
                    "Location": ""
                },
                "likesID_1541040429738917888": {
                    "likesID": "1541040429738917888",
                    "likesUserName": "MohammedInte",
                    "LikesName": "MOHAMMED Intekhab",
                    "Location": ""
                },
                "likesID_315904558": {
                    "likesID": "315904558",
                    "likesUserName": "SanalSudev",
                    "LikesName": "Sanal Sudevan",
                    "Location": ""
                },
                "likesID_874522804858888193": {
                    "likesID": "874522804858888193",
                    "likesUserName": "du_prashant99",
                    "LikesName": "Prashant Sharma",
                    "Location": ""
                },
                "likesID_1101501930780520448": {
                    "likesID": "1101501930780520448",
                    "likesUserName": "YuvrajMahajan64",
                    "LikesName": "Yuvraj Mahajan",
                    "Location": ""
                },
                "likesID_2545374113": {
                    "likesID": "2545374113",
                    "likesUserName": "BituponDeori",
                    "LikesName": "Bitupon Deori",
                    "Location": ""
                },
                "likesID_135706377": {
                    "likesID": "135706377",
                    "likesUserName": "spandansb",
                    "LikesName": "Gurubramha",
                    "Location": ""
                },
                "likesID_1334456201006862337": {
                    "likesID": "1334456201006862337",
                    "likesUserName": "Venky22837307",
                    "LikesName": "Venky",
                    "Location": ""
                },
                "likesID_132026103": {
                    "likesID": "132026103",
                    "likesUserName": "drsourabhroy",
                    "LikesName": "Sourabh Roy",
                    "Location": ""
                },
                "likesID_871631044285534209": {
                    "likesID": "871631044285534209",
                    "likesUserName": "Uma_ash",
                    "LikesName": "Umar",
                    "Location": ""
                },
                "likesID_1477881328200679425": {
                    "likesID": "1477881328200679425",
                    "likesUserName": "arramakrishna",
                    "LikesName": "Ramakrishna A R",
                    "Location": ""
                },
                "likesID_1270733378346577920": {
                    "likesID": "1270733378346577920",
                    "likesUserName": "Ram76000",
                    "LikesName": "Ramprasad",
                    "Location": ""
                }
            },
            "newsCommentDict": {
                "commentID_1549401744509222914": {
                    "commentUserID": "1236900210791444480",
                    "commentID": "1549401744509222914",
                    "commentText": "@the_hindu rotten misinformation perceived threats",
                    "location": ""
                },
                "commentID_1549393703785140231": {
                    "commentUserID": "2209132356",
                    "commentID": "1549393703785140231",
                    "commentText": "@the_hindu Can't believe. Seems to lack credibility.",
                    "location": "India"
                },
                "commentID_1549392879646560256": {
                    "commentUserID": "1502147664208482304",
                    "commentID": "1549392879646560256",
                    "commentText": "@the_hindu What MHA deliberately didn't inform was the efforts of the Indian govt to radicalize the people of the majority community and so far have been successful if not a great deal but at least pretty well",
                    "location": ""
                }
            }
        }
    }
}