{
    "20751449": {
        "newsAccountDetails": {
            "id": "20751449",
            "newsaccounthandler": "the_hindu",
            "capturedate": "2022-07-18 12:33:28.541366",
            "location": "Chennai, India"
        },
        "newsId_1548993529581654017": {
            "id": "1548993529581654017",
            "text": "Food | Georgina Barbachano, a participant of Speed Rack Mexico 2019, where she won a place as one of the top 20 fastest bartenders, talks about how bartending is more than just a job for her when she visited #Bengaluru, writes Ruth Dhanaraj. \nhttps://t.co/CdikWJjLkD",
            "newsRetweetDict": {},
            "newsLikesDict": {
                "likesID_933885056531206144": {
                    "likesID": "933885056531206144",
                    "likesUserName": "rajesh_dce",
                    "LikesName": "Rajesh sharma",
                    "Location": ""
                },
                "likesID_1481651147685662721": {
                    "likesID": "1481651147685662721",
                    "likesUserName": "guganeshM18",
                    "LikesName": "guganesh M",
                    "Location": ""
                }
            }
        },
        "newsId_1548991226669572097": {
            "id": "1548991226669572097",
            "text": "RT @thehindubiz: Benchmark stock indices #Sensex and #Nifty spurted over 1% at the close on Monday following buying in IT, oil and gas and",
            "newsRetweetDict": {},
            "newsLikesDict": {}
        },
        "newsId_1548989728283918336": {
            "id": "1548989728283918336",
            "text": "The Hindu's e-paper is now on #Telegram! Scan the QR code and subscribe to the channel now to stay tuned to the news of the day! https://t.co/OWjjMKIUfS https://t.co/CQiWTUH10K",
            "newsRetweetDict": {
                "retweetID_1252902939548672003": {
                    "retweetID": "1252902939548672003",
                    "reUserName": "SyedZamirAhmed4",
                    "reTweetName": "Syed Zamir Ahmed",
                    "reTweetLocation": ""
                },
                "retweetID_1542347405425016832": {
                    "retweetID": "1542347405425016832",
                    "reUserName": "Shiva03333180",
                    "reTweetName": "Shiva",
                    "reTweetLocation": ""
                }
            },
            "newsLikesDict": {
                "likesID_1252902939548672003": {
                    "likesID": "1252902939548672003",
                    "likesUserName": "SyedZamirAhmed4",
                    "LikesName": "Syed Zamir Ahmed",
                    "Location": ""
                },
                "likesID_1541383749375754240": {
                    "likesID": "1541383749375754240",
                    "likesUserName": "abhi96203",
                    "LikesName": "Abhilash Murthy",
                    "Location": ""
                },
                "likesID_1515281279901925383": {
                    "likesID": "1515281279901925383",
                    "likesUserName": "Vivekku99765",
                    "LikesName": "Vivek Kumar",
                    "Location": ""
                },
                "likesID_1472748870832586752": {
                    "likesID": "1472748870832586752",
                    "likesUserName": "ArvindK74457074",
                    "LikesName": "Arvind Yadav",
                    "Location": ""
                },
                "likesID_1342506008543817728": {
                    "likesID": "1342506008543817728",
                    "likesUserName": "Raghave81520356",
                    "LikesName": "Raghavendra Gaur",
                    "Location": ""
                },
                "likesID_1339814947505639424": {
                    "likesID": "1339814947505639424",
                    "likesUserName": "IamSandeepMK",
                    "LikesName": "sandeep m",
                    "Location": ""
                },
                "likesID_1383804909556944898": {
                    "likesID": "1383804909556944898",
                    "likesUserName": "RamanTunhal",
                    "LikesName": "Raman Singh",
                    "Location": ""
                },
                "likesID_3214215807": {
                    "likesID": "3214215807",
                    "likesUserName": "d_shivaram",
                    "LikesName": "shiva",
                    "Location": ""
                },
                "likesID_1481125351044845576": {
                    "likesID": "1481125351044845576",
                    "likesUserName": "SamiAhm52292091",
                    "LikesName": "Sami Ahmad",
                    "Location": ""
                },
                "likesID_1115654920575700993": {
                    "likesID": "1115654920575700993",
                    "likesUserName": "kishore_sodha",
                    "LikesName": "Kishore Singh Sodha",
                    "Location": ""
                },
                "likesID_1263184405259943936": {
                    "likesID": "1263184405259943936",
                    "likesUserName": "RahulSh25970418",
                    "LikesName": "Rahul Sharma",
                    "Location": ""
                },
                "likesID_1492872389738524675": {
                    "likesID": "1492872389738524675",
                    "likesUserName": "singhnandini987",
                    "LikesName": "Singh_nandini987",
                    "Location": ""
                },
                "likesID_1115785003": {
                    "likesID": "1115785003",
                    "likesUserName": "shubham77470760",
                    "LikesName": "shubham",
                    "Location": ""
                },
                "likesID_1279067435346178049": {
                    "likesID": "1279067435346178049",
                    "likesUserName": "GauravS81256375",
                    "LikesName": "Gaurav Singh",
                    "Location": ""
                }
            }
        },
        "newsId_1548988823857668096": {
            "id": "1548988823857668096",
            "text": "RT @TheHinduCinema: #Bollywood star #Kajol will join hands with streaming service #Disney+ #Hotstar for her maiden web series. The upcoming",
            "newsRetweetDict": {},
            "newsLikesDict": {}
        },
        "newsId_1548986848680284162": {
            "id": "1548986848680284162",
            "text": "Take a look at the top stories right now at\nhttps://t.co/pfo1nKLfco https://t.co/5mV2QSRKH1",
            "newsRetweetDict": {
                "retweetID_1420596835471618053": {
                    "retweetID": "1420596835471618053",
                    "reUserName": "AlishaP57641742",
                    "reTweetName": "Alisha Priyadarshini ",
                    "reTweetLocation": ""
                },
                "retweetID_1542347405425016832": {
                    "retweetID": "1542347405425016832",
                    "reUserName": "Shiva03333180",
                    "reTweetName": "Shiva",
                    "reTweetLocation": ""
                }
            },
            "newsLikesDict": {
                "likesID_2977052912": {
                    "likesID": "2977052912",
                    "likesUserName": "ht94602",
                    "LikesName": "Er sourav dadwal",
                    "Location": ""
                },
                "likesID_1505725905364484104": {
                    "likesID": "1505725905364484104",
                    "likesUserName": "IndianDiverse",
                    "LikesName": "Diverse Indian",
                    "Location": ""
                },
                "likesID_890613615635476481": {
                    "likesID": "890613615635476481",
                    "likesUserName": "Rupesh9800",
                    "LikesName": "Rupesh varma",
                    "Location": ""
                },
                "likesID_1481125351044845576": {
                    "likesID": "1481125351044845576",
                    "likesUserName": "SamiAhm52292091",
                    "LikesName": "Sami Ahmad",
                    "Location": ""
                },
                "likesID_1420596835471618053": {
                    "likesID": "1420596835471618053",
                    "likesUserName": "AlishaP57641742",
                    "LikesName": "Alisha Priyadarshini ",
                    "Location": ""
                },
                "likesID_1063058571452006401": {
                    "likesID": "1063058571452006401",
                    "likesUserName": "KothariShahrukh",
                    "LikesName": "shahrukh kothari",
                    "Location": ""
                },
                "likesID_1515281279901925383": {
                    "likesID": "1515281279901925383",
                    "likesUserName": "Vivekku99765",
                    "LikesName": "Vivek Kumar",
                    "Location": ""
                },
                "likesID_831427746475565056": {
                    "likesID": "831427746475565056",
                    "likesUserName": "Anil48504847",
                    "LikesName": "Anil kumar",
                    "Location": ""
                },
                "likesID_1264795308925628416": {
                    "likesID": "1264795308925628416",
                    "likesUserName": "Bishals14829692",
                    "LikesName": "bishal saha",
                    "Location": ""
                },
                "likesID_1288681751783473152": {
                    "likesID": "1288681751783473152",
                    "likesUserName": "Jpical1",
                    "LikesName": "Aashi Chouhan",
                    "Location": ""
                }
            }
        },
        "newsId_1548985947169103873": {
            "id": "1548985947169103873",
            "text": "A Delhi court on July 17 upheld the conviction of real estate tycoons Sushil and Gopal Ansal for tampering with evidence in a case related to the 1997 Uphaar cinema fire, which had claimed 59 lives.\n\nhttps://t.co/JDY4RQqLjG",
            "newsRetweetDict": {
                "retweetID_2894787904": {
                    "retweetID": "2894787904",
                    "reUserName": "greenshame",
                    "reTweetName": "greenshame",
                    "reTweetLocation": ""
                },
                "retweetID_1542347405425016832": {
                    "retweetID": "1542347405425016832",
                    "reUserName": "Shiva03333180",
                    "reTweetName": "Shiva",
                    "reTweetLocation": ""
                }
            },
            "newsLikesDict": {
                "likesID_2977052912": {
                    "likesID": "2977052912",
                    "likesUserName": "ht94602",
                    "LikesName": "Er sourav dadwal",
                    "Location": ""
                },
                "likesID_1515281279901925383": {
                    "likesID": "1515281279901925383",
                    "likesUserName": "Vivekku99765",
                    "LikesName": "Vivek Kumar",
                    "Location": ""
                },
                "likesID_2894787904": {
                    "likesID": "2894787904",
                    "likesUserName": "greenshame",
                    "LikesName": "greenshame",
                    "Location": ""
                },
                "likesID_1299772750010089473": {
                    "likesID": "1299772750010089473",
                    "likesUserName": "TheArijitMandal",
                    "LikesName": "Arijit Mandal",
                    "Location": ""
                },
                "likesID_3316575366": {
                    "likesID": "3316575366",
                    "likesUserName": "socialgy07",
                    "LikesName": "Gajanand Yadav",
                    "Location": ""
                },
                "likesID_1367054821715451908": {
                    "likesID": "1367054821715451908",
                    "likesUserName": "Manish78994186",
                    "LikesName": "Manish Sharma",
                    "Location": ""
                }
            }
        },
        "newsId_1548983564686999552": {
            "id": "1548983564686999552",
            "text": "RT @thehindubiz: Edible oil firm Adani Wilmar, which sells its products under Fortune brand, announced reduction in cooking oil prices by u",
            "newsRetweetDict": {},
            "newsLikesDict": {}
        },
        "newsId_1548980936636878851": {
            "id": "1548980936636878851",
            "text": "Ukrainian President Volodymyr #Zelensky fired the head of the countrys security service and its prosecutor general on July 17, citing hundreds of criminal proceedings into treason and collaboration by people within their departments.\n\nhttps://t.co/AiFknyv9ir",
            "newsRetweetDict": {
                "retweetID_402007279": {
                    "retweetID": "402007279",
                    "reUserName": "3rd_Handle",
                    "reTweetName": "Syncretic",
                    "reTweetLocation": ""
                }
            },
            "newsLikesDict": {
                "likesID_289298103": {
                    "likesID": "289298103",
                    "likesUserName": "_NikhilGautam",
                    "LikesName": "Nikhil Gautam7",
                    "Location": ""
                },
                "likesID_826291220259299328": {
                    "likesID": "826291220259299328",
                    "likesUserName": "thebokettogirl",
                    "LikesName": "Natasha",
                    "Location": ""
                },
                "likesID_1540683102154297344": {
                    "likesID": "1540683102154297344",
                    "likesUserName": "Khwajahabeeb",
                    "LikesName": "Khwaja Habeeb",
                    "Location": ""
                },
                "likesID_1420147233870147588": {
                    "likesID": "1420147233870147588",
                    "likesUserName": "YD_SAM_97",
                    "LikesName": "Sam",
                    "Location": ""
                },
                "likesID_1460885627763716097": {
                    "likesID": "1460885627763716097",
                    "likesUserName": "JaiVelu8",
                    "LikesName": "Jai Velu",
                    "Location": ""
                }
            },
            "newsCommentDict": {
                "commentID_1548983476606537728": {
                    "commentUserID": "144438400",
                    "commentID": "1548983476606537728",
                    "commentText": "@the_hindu Wonder who is tje bigger crook",
                    "location": ""
                }
            }
        },
        "newsId_1548980787676078080": {
            "id": "1548980787676078080",
            "text": "RT @TheHinduCinema: The absurdist comedy film is written and directed by Daniel Kwan and Daniel Scheinert.\n\n#EverythingEverywhereAllAtOnce",
            "newsRetweetDict": {},
            "newsLikesDict": {}
        },
        "newsId_1548978400869613571": {
            "id": "1548978400869613571",
            "text": "SC extended the time for completion of special audit of 25 years of accounts of Sree Padmanabhaswamy temple &amp; its trusts to August 31, 2022. \n\nhttps://t.co/6VOVluKlm4",
            "newsRetweetDict": {
                "retweetID_120385144": {
                    "retweetID": "120385144",
                    "reUserName": "rakcamel",
                    "reTweetName": "Ajay Aggarwal",
                    "reTweetLocation": ""
                },
                "retweetID_1542347405425016832": {
                    "retweetID": "1542347405425016832",
                    "reUserName": "Shiva03333180",
                    "reTweetName": "Shiva",
                    "reTweetLocation": ""
                },
                "retweetID_1396343928127778820": {
                    "retweetID": "1396343928127778820",
                    "reUserName": "RanjanCommunist",
                    "reTweetName": "Comrade Ranjan AISF",
                    "reTweetLocation": ""
                },
                "retweetID_1501446338818768898": {
                    "retweetID": "1501446338818768898",
                    "reUserName": "arvindreddyvar",
                    "reTweetName": "Arvind Reddy",
                    "reTweetLocation": ""
                },
                "retweetID_262505657": {
                    "retweetID": "262505657",
                    "reUserName": "atulmodani",
                    "reTweetName": "Atul Modani",
                    "reTweetLocation": ""
                }
            },
            "newsLikesDict": {
                "likesID_1501446338818768898": {
                    "likesID": "1501446338818768898",
                    "likesUserName": "arvindreddyvar",
                    "LikesName": "Arvind Reddy",
                    "Location": ""
                },
                "likesID_75979986": {
                    "likesID": "75979986",
                    "likesUserName": "write2ragavan",
                    "LikesName": "K.RAGAVAN..",
                    "Location": ""
                },
                "likesID_2401311560": {
                    "likesID": "2401311560",
                    "likesUserName": "AbhilashSanap",
                    "LikesName": "Abhilash Sanap",
                    "Location": ""
                },
                "likesID_1270951839601549313": {
                    "likesID": "1270951839601549313",
                    "likesUserName": "RaviYad96953241",
                    "LikesName": "Ravi Yadav",
                    "Location": ""
                },
                "likesID_1460885627763716097": {
                    "likesID": "1460885627763716097",
                    "likesUserName": "JaiVelu8",
                    "LikesName": "Jai Velu",
                    "Location": ""
                },
                "likesID_1542342687289917441": {
                    "likesID": "1542342687289917441",
                    "likesUserName": "chandankrydv11",
                    "LikesName": "chandan kr. ydv",
                    "Location": ""
                },
                "likesID_3903094884": {
                    "likesID": "3903094884",
                    "likesUserName": "kathirinnovator",
                    "LikesName": "kathir",
                    "Location": ""
                },
                "likesID_162326498": {
                    "likesID": "162326498",
                    "likesUserName": "Shivjyoti007",
                    "LikesName": "Shivjyoti",
                    "Location": ""
                },
                "likesID_1208668023021658112": {
                    "likesID": "1208668023021658112",
                    "likesUserName": "ersinha_66",
                    "LikesName": "Er Sinha",
                    "Location": ""
                },
                "likesID_1049591049516011523": {
                    "likesID": "1049591049516011523",
                    "likesUserName": "Ashanarayana1",
                    "LikesName": "Ashanarayana",
                    "Location": ""
                },
                "likesID_428893773": {
                    "likesID": "428893773",
                    "likesUserName": "84nilesh",
                    "LikesName": "Nilesh Satav",
                    "Location": ""
                },
                "likesID_2609340444": {
                    "likesID": "2609340444",
                    "likesUserName": "reddymani777",
                    "LikesName": "eddy ani",
                    "Location": ""
                },
                "likesID_1238341668484657152": {
                    "likesID": "1238341668484657152",
                    "likesUserName": "Ashwani18091",
                    "LikesName": "Ashwani@1809",
                    "Location": ""
                },
                "likesID_898926903532306433": {
                    "likesID": "898926903532306433",
                    "likesUserName": "BenjaminCylus",
                    "LikesName": "Cylus Benjamin",
                    "Location": ""
                },
                "likesID_1255040846832922625": {
                    "likesID": "1255040846832922625",
                    "likesUserName": "ThakurS77372317",
                    "LikesName": "   ",
                    "Location": ""
                },
                "likesID_2823560444": {
                    "likesID": "2823560444",
                    "likesUserName": "skumar22598",
                    "LikesName": "suraj kumar",
                    "Location": ""
                },
                "likesID_1367054821715451908": {
                    "likesID": "1367054821715451908",
                    "likesUserName": "Manish78994186",
                    "LikesName": "Manish Sharma",
                    "Location": ""
                },
                "likesID_787980196058009605": {
                    "likesID": "787980196058009605",
                    "likesUserName": "Awinashawii",
                    "LikesName": "Running Raja",
                    "Location": ""
                },
                "likesID_1299965347215286273": {
                    "likesID": "1299965347215286273",
                    "likesUserName": "Gane_2711",
                    "LikesName": "Ganesh",
                    "Location": ""
                }
            },
            "newsCommentDict": {
                "commentID_1548983625018114048": {
                    "commentUserID": "75979986",
                    "commentID": "1548983625018114048",
                    "commentText": "@the_hindu Special audit of the Famous Padmanabha swamy temple by the SC was a good move.Audit for 25 Years  can not be finished ,it should be given sufficient time and SC has done that.",
                    "location": "Bangalore India"
                }
            }
        }
    }
}