{
    "20751449": {
        "newsAccountDetails": {
            "id": "20751449",
            "newsaccounthandler": "the_hindu",
            "capturedate": "2022-07-19 15:44:46.314583",
            "location": "Chennai, India"
        },
        "newsId_1549403730730156036": {
            "id": "1549403730730156036",
            "text": "#DataPoint | The southwest #monsoon is yet to arrive in #UttarPradesh, #Bihar, #Jharkhand, Gangetic #WestBengal, and #Punjab. In three of these regions, paddy output may take a significant hit if rainfall continues to remain poor.\nhttps://t.co/58TFsF2HUq https://t.co/VldGTu7iXs",
            "newsRetweetDict": {
                "retweetID_161634802": {
                    "retweetID": "161634802",
                    "reUserName": "nistula",
                    "reTweetName": "Nistula Hebbar",
                    "reTweetLocation": ""
                }
            },
            "newsLikesDict": {
                "likesID_1015992212881133569": {
                    "likesID": "1015992212881133569",
                    "likesUserName": "danu_gunjan",
                    "LikesName": "Gunjan Danu",
                    "Location": ""
                },
                "likesID_1475480405893468160": {
                    "likesID": "1475480405893468160",
                    "likesUserName": "KARTIK55034242",
                    "LikesName": "K@rtik BaBariA",
                    "Location": ""
                },
                "likesID_823160856527728641": {
                    "likesID": "823160856527728641",
                    "likesUserName": "nileshy7801",
                    "LikesName": "Nilesh Yadav",
                    "Location": ""
                },
                "likesID_1367054821715451908": {
                    "likesID": "1367054821715451908",
                    "likesUserName": "Manish78994186",
                    "LikesName": "Manish Sharma",
                    "Location": ""
                },
                "likesID_1510463491765063684": {
                    "likesID": "1510463491765063684",
                    "likesUserName": "rohitt_rai",
                    "LikesName": "Rohitt",
                    "Location": ""
                },
                "likesID_1264117910471168000": {
                    "likesID": "1264117910471168000",
                    "likesUserName": "singhshikha_",
                    "LikesName": "Shikha Singh",
                    "Location": ""
                },
                "likesID_4739771960": {
                    "likesID": "4739771960",
                    "likesUserName": "brainwhacked_",
                    "LikesName": "pizza",
                    "Location": ""
                },
                "likesID_1201302193082716161": {
                    "likesID": "1201302193082716161",
                    "likesUserName": "HkRawat143",
                    "LikesName": "Himanshu Kumar Rawat",
                    "Location": ""
                }
            }
        },
        "newsId_1549401204396023810": {
            "id": "1549401204396023810",
            "text": "The Railways has removed on-board service charges on all meals and beverages that are not pre-ordered on premium trains. But there is a catch-- the 50 charge has been added to the prices of snacks, lunches and dinners.\nhttps://t.co/k28pmdk6li",
            "newsRetweetDict": {
                "retweetID_600117552": {
                    "retweetID": "600117552",
                    "reUserName": "maheshu483",
                    "reTweetName": "Mahesh Kumar",
                    "reTweetLocation": ""
                },
                "retweetID_1112616234309152775": {
                    "retweetID": "1112616234309152775",
                    "reUserName": "Ankitathreya",
                    "reTweetName": "Ankit Athreya",
                    "reTweetLocation": ""
                },
                "retweetID_2541229818": {
                    "retweetID": "2541229818",
                    "reUserName": "skmandin13",
                    "reTweetName": "Dr. Dinesh Goyal",
                    "reTweetLocation": ""
                },
                "retweetID_1234011788401725440": {
                    "retweetID": "1234011788401725440",
                    "reUserName": "AbbasRi44896054",
                    "reTweetName": "Abbas Rizvi",
                    "reTweetLocation": ""
                },
                "retweetID_801824695385346049": {
                    "retweetID": "801824695385346049",
                    "reUserName": "VasilyZaitsev9",
                    "reTweetName": "Sniper",
                    "reTweetLocation": ""
                },
                "retweetID_465495365": {
                    "retweetID": "465495365",
                    "reUserName": "Saryuparin",
                    "reTweetName": "s s tripathy",
                    "reTweetLocation": ""
                },
                "retweetID_1429220559536234502": {
                    "retweetID": "1429220559536234502",
                    "reUserName": "girishtripurana",
                    "reTweetName": "Girish Tripurana",
                    "reTweetLocation": ""
                }
            },
            "newsLikesDict": {
                "likesID_600117552": {
                    "likesID": "600117552",
                    "likesUserName": "maheshu483",
                    "LikesName": "Mahesh Kumar",
                    "Location": ""
                },
                "likesID_1214769380": {
                    "likesID": "1214769380",
                    "likesUserName": "rabindrarana04",
                    "LikesName": "rabindra rana",
                    "Location": ""
                },
                "likesID_1529798476262805504": {
                    "likesID": "1529798476262805504",
                    "likesUserName": "navaneat",
                    "LikesName": "Navaneeth Sunil",
                    "Location": ""
                },
                "likesID_1435496540856995847": {
                    "likesID": "1435496540856995847",
                    "likesUserName": "niraj_visingh",
                    "LikesName": "Niraj Viram Singh",
                    "Location": ""
                },
                "likesID_1299899557": {
                    "likesID": "1299899557",
                    "likesUserName": "Arunganesh273",
                    "LikesName": "arunga",
                    "Location": ""
                },
                "likesID_2541229818": {
                    "likesID": "2541229818",
                    "likesUserName": "skmandin13",
                    "LikesName": "Dr. Dinesh Goyal",
                    "Location": ""
                },
                "likesID_940072132192505856": {
                    "likesID": "940072132192505856",
                    "likesUserName": "aksrj104",
                    "LikesName": "Akash Singh",
                    "Location": ""
                },
                "likesID_1051210131617136640": {
                    "likesID": "1051210131617136640",
                    "likesUserName": "yirthorus",
                    "LikesName": "Tirtha",
                    "Location": ""
                },
                "likesID_1466303732577046528": {
                    "likesID": "1466303732577046528",
                    "likesUserName": "KundanK85569430",
                    "LikesName": "Mohit",
                    "Location": ""
                },
                "likesID_1539072226154414080": {
                    "likesID": "1539072226154414080",
                    "likesUserName": "ResNaheliya",
                    "LikesName": "Subhash Naheliya",
                    "Location": ""
                },
                "likesID_1410877071874691079": {
                    "likesID": "1410877071874691079",
                    "likesUserName": "hetkumark",
                    "LikesName": " ",
                    "Location": ""
                },
                "likesID_1261663108105302016": {
                    "likesID": "1261663108105302016",
                    "likesUserName": "__ROOHDAAR__",
                    "LikesName": "Ishfaq( )",
                    "Location": ""
                },
                "likesID_1044440491364896769": {
                    "likesID": "1044440491364896769",
                    "likesUserName": "Amrithak_varshi",
                    "LikesName": "Amrithavarshini",
                    "Location": ""
                },
                "likesID_1231878418087604224": {
                    "likesID": "1231878418087604224",
                    "likesUserName": "KaushikPandit15",
                    "LikesName": "_",
                    "Location": ""
                },
                "likesID_465495365": {
                    "likesID": "465495365",
                    "likesUserName": "Saryuparin",
                    "LikesName": "s s tripathy",
                    "Location": ""
                }
            },
            "newsCommentDict": {
                "commentID_1549403544222040065": {
                    "commentUserID": "1548352662948974592",
                    "commentID": "1549403544222040065",
                    "commentText": "@the_hindu #JusticeForDefenceStudents",
                    "location": ""
                }
            }
        },
        "newsId_1549398685389406212": {
            "id": "1549398685389406212",
            "text": "Mathematical modeling approach adopted by #WHO to project excess mortality estimates related to #COVID19 suffers from erroneous assumptions and is unscientific and #India had registered its strong objection, the government informed Parliament.\nhttps://t.co/3WCtE1XK9y",
            "newsRetweetDict": {},
            "newsLikesDict": {
                "likesID_1475480405893468160": {
                    "likesID": "1475480405893468160",
                    "likesUserName": "KARTIK55034242",
                    "LikesName": "K@rtik BaBariA",
                    "Location": ""
                },
                "likesID_1261663108105302016": {
                    "likesID": "1261663108105302016",
                    "likesUserName": "__ROOHDAAR__",
                    "LikesName": "Ishfaq( )",
                    "Location": ""
                },
                "likesID_1095180143356563457": {
                    "likesID": "1095180143356563457",
                    "likesUserName": "MANIYAD62941608",
                    "LikesName": "Mani yadav",
                    "Location": ""
                },
                "likesID_736940803659071488": {
                    "likesID": "736940803659071488",
                    "likesUserName": "Ummed3169",
                    "LikesName": "Mohammad",
                    "Location": ""
                },
                "likesID_1385169111672508418": {
                    "likesID": "1385169111672508418",
                    "likesUserName": "adarsh__4245",
                    "LikesName": "Rana Adarsh Pratap Singh",
                    "Location": ""
                },
                "likesID_1049591049516011523": {
                    "likesID": "1049591049516011523",
                    "likesUserName": "Ashanarayana1",
                    "LikesName": "Ashanarayana",
                    "Location": ""
                },
                "likesID_1433064559414112260": {
                    "likesID": "1433064559414112260",
                    "likesUserName": "Jagnelokesh13",
                    "LikesName": "Lokesh Jagne",
                    "Location": ""
                },
                "likesID_1263184405259943936": {
                    "likesID": "1263184405259943936",
                    "likesUserName": "RahulSh25970418",
                    "LikesName": "Rahul Sharma",
                    "Location": ""
                },
                "likesID_2613779695": {
                    "likesID": "2613779695",
                    "likesUserName": "bhakta7205",
                    "LikesName": "Er.bhakta ranjan giri",
                    "Location": ""
                },
                "likesID_1061129834615713792": {
                    "likesID": "1061129834615713792",
                    "likesUserName": "AkashIndian_11",
                    "LikesName": "Akash Gupta",
                    "Location": ""
                },
                "likesID_204750534": {
                    "likesID": "204750534",
                    "likesUserName": "dp_dust2dust",
                    "LikesName": "DP",
                    "Location": ""
                },
                "likesID_857497444082491392": {
                    "likesID": "857497444082491392",
                    "likesUserName": "ArumugamNayagam",
                    "LikesName": "Arumugam V Nayagam",
                    "Location": ""
                },
                "likesID_4744211250": {
                    "likesID": "4744211250",
                    "likesUserName": "kabikabhiAditi",
                    "LikesName": "Aditi",
                    "Location": ""
                },
                "likesID_1416265163162808321": {
                    "likesID": "1416265163162808321",
                    "likesUserName": "_its_aadi28",
                    "LikesName": "A D I T Y A",
                    "Location": ""
                }
            },
            "newsCommentDict": {
                "commentID_1549403928084840449": {
                    "commentUserID": "1548352662948974592",
                    "commentID": "1549403928084840449",
                    "commentText": "@the_hindu #JusticeForDefenceStudents",
                    "location": ""
                },
                "commentID_1549400628560019457": {
                    "commentUserID": "132867510",
                    "commentID": "1549400628560019457",
                    "commentText": "@the_hindu Inko kisi ki samajh aati nahi, inki kisi ko samajh aati nahi!",
                    "location": "San Francisco, CA"
                }
            }
        },
        "newsId_1549396163954151427": {
            "id": "1549396163954151427",
            "text": "Opposition's vice president candidate #MargaretAlva said elections do not frighten her as winning and losing is a part of life but the trust of Parliamentarians across parties will help her bring people together and build a strong and united India.\nhttps://t.co/ZbHyNDvs4k",
            "newsRetweetDict": {
                "retweetID_928546292237713409": {
                    "retweetID": "928546292237713409",
                    "reUserName": "TKdaplackal",
                    "reTweetName": "Thomas Kadaplackal",
                    "reTweetLocation": ""
                },
                "retweetID_1345191719449444354": {
                    "retweetID": "1345191719449444354",
                    "reUserName": "v_veeramalla",
                    "reTweetName": "Veeramalla V",
                    "reTweetLocation": ""
                }
            },
            "newsLikesDict": {
                "likesID_779686582924242944": {
                    "likesID": "779686582924242944",
                    "likesUserName": "itsabhishek2979",
                    "LikesName": "abhishek raghuwanshi",
                    "Location": ""
                },
                "likesID_1416284827930746882": {
                    "likesID": "1416284827930746882",
                    "likesUserName": "balataishiraga1",
                    "LikesName": "balatai shiraganvi",
                    "Location": ""
                },
                "likesID_1346566170393026560": {
                    "likesID": "1346566170393026560",
                    "likesUserName": "Kanchan20128750",
                    "LikesName": "Kanchan Singh",
                    "Location": ""
                },
                "likesID_1229383682": {
                    "likesID": "1229383682",
                    "likesUserName": "Hardiksawant265",
                    "LikesName": "Hardik $wt",
                    "Location": ""
                },
                "likesID_1453465463065702401": {
                    "likesID": "1453465463065702401",
                    "likesUserName": "Balwind91857987",
                    "LikesName": "Balwinder Singh Gill Promoter",
                    "Location": ""
                },
                "likesID_901120925344477184": {
                    "likesID": "901120925344477184",
                    "likesUserName": "AmalBisai",
                    "LikesName": "Amal Kumar Bisai",
                    "Location": ""
                },
                "likesID_1289085101825863680": {
                    "likesID": "1289085101825863680",
                    "likesUserName": "Sridharbabured1",
                    "LikesName": "Sridharbabureddipalli",
                    "Location": ""
                },
                "likesID_1416265163162808321": {
                    "likesID": "1416265163162808321",
                    "likesUserName": "_its_aadi28",
                    "LikesName": "A D I T Y A",
                    "Location": ""
                },
                "likesID_1117823592022958082": {
                    "likesID": "1117823592022958082",
                    "likesUserName": "imamitchahar09",
                    "LikesName": "amitchahar",
                    "Location": ""
                },
                "likesID_81148292": {
                    "likesID": "81148292",
                    "likesUserName": "VJKNAIR",
                    "LikesName": "VJK",
                    "Location": ""
                },
                "likesID_1105863896793935873": {
                    "likesID": "1105863896793935873",
                    "likesUserName": "AbdulTousheef",
                    "LikesName": "Abdul Tousheef Qureshi",
                    "Location": ""
                },
                "likesID_1245398975781335040": {
                    "likesID": "1245398975781335040",
                    "likesUserName": "Prashant_Chaura",
                    "LikesName": "  ",
                    "Location": ""
                },
                "likesID_2992514779": {
                    "likesID": "2992514779",
                    "likesUserName": "Ramprawesh1983",
                    "LikesName": "ramprawesh Yadav",
                    "Location": ""
                },
                "likesID_1236187602811682816": {
                    "likesID": "1236187602811682816",
                    "likesUserName": "Akshaygalagali2",
                    "LikesName": "Akshay galagali",
                    "Location": ""
                },
                "likesID_84108273": {
                    "likesID": "84108273",
                    "likesUserName": "hbkismy",
                    "LikesName": "Not_in_Mind",
                    "Location": ""
                },
                "likesID_946752818001592320": {
                    "likesID": "946752818001592320",
                    "likesUserName": "shamshad_kne",
                    "LikesName": "M Shamshad Alam",
                    "Location": ""
                },
                "likesID_58790780": {
                    "likesID": "58790780",
                    "likesUserName": "abid_hussain",
                    "LikesName": "Berozgaar Naujawan",
                    "Location": ""
                },
                "likesID_1443240728436559877": {
                    "likesID": "1443240728436559877",
                    "likesUserName": "HumHaiBegusarai",
                    "LikesName": "begusarai",
                    "Location": ""
                },
                "likesID_777578066440626176": {
                    "likesID": "777578066440626176",
                    "likesUserName": "SameerBashar2",
                    "LikesName": "Sameer Bashar",
                    "Location": ""
                },
                "likesID_1161488576112189443": {
                    "likesID": "1161488576112189443",
                    "likesUserName": "Hars_hit_008",
                    "LikesName": "Harshit kumar",
                    "Location": ""
                },
                "likesID_1466636347528130560": {
                    "likesID": "1466636347528130560",
                    "likesUserName": "sahilll94",
                    "LikesName": "Sahil Choudhary",
                    "Location": ""
                },
                "likesID_1439591174231105554": {
                    "likesID": "1439591174231105554",
                    "likesUserName": "Haresh109",
                    "LikesName": "Haresh Chauhan",
                    "Location": ""
                },
                "likesID_1494165523499610112": {
                    "likesID": "1494165523499610112",
                    "likesUserName": "Robindeep012",
                    "LikesName": "Robin",
                    "Location": ""
                },
                "likesID_928546292237713409": {
                    "likesID": "928546292237713409",
                    "likesUserName": "TKdaplackal",
                    "LikesName": "Thomas Kadaplackal",
                    "Location": ""
                },
                "likesID_1261663108105302016": {
                    "likesID": "1261663108105302016",
                    "likesUserName": "__ROOHDAAR__",
                    "LikesName": "Ishfaq( )",
                    "Location": ""
                },
                "likesID_1345191719449444354": {
                    "likesID": "1345191719449444354",
                    "likesUserName": "v_veeramalla",
                    "LikesName": "Veeramalla V",
                    "Location": ""
                },
                "likesID_1468518299570884609": {
                    "likesID": "1468518299570884609",
                    "likesUserName": "SuyashS78573400",
                    "LikesName": "Suyash Shukla",
                    "Location": ""
                },
                "likesID_4847888145": {
                    "likesID": "4847888145",
                    "likesUserName": "skffarooq",
                    "LikesName": "Farooq Ahmed",
                    "Location": ""
                },
                "likesID_1109877158954950656": {
                    "likesID": "1109877158954950656",
                    "likesUserName": "tadwalkar_rahul",
                    "LikesName": "Rahul Tadwalkar",
                    "Location": ""
                },
                "likesID_910493392080998400": {
                    "likesID": "910493392080998400",
                    "likesUserName": "hellorealsac",
                    "LikesName": "S",
                    "Location": ""
                },
                "likesID_1459567462475710468": {
                    "likesID": "1459567462475710468",
                    "likesUserName": "VikashK90592385",
                    "LikesName": "Vikash Kumar",
                    "Location": ""
                }
            },
            "newsCommentDict": {
                "commentID_1549397027523633158": {
                    "commentUserID": "3250520011",
                    "commentID": "1549397027523633158",
                    "commentText": "@the_hindu Thank god she is decent unlike foul mouthed Presidential candidate #YashwantSinha",
                    "location": ""
                },
                "commentID_1549396253162840064": {
                    "commentUserID": "223755823",
                    "commentID": "1549396253162840064",
                    "commentText": "@the_hindu https://t.co/ZTtGYDiHWd\n#Laththi #LaththiCharge #Vishal",
                    "location": "Tamil Nadu, India"
                }
            }
        },
        "newsId_1549393660034383873": {
            "id": "1549393660034383873",
            "text": "A Lashkar-e-Taiba module has brought four of its terrorists to the Pir Panjal belt of #Jammu region from #Kashmir, prompting the police and security agencies to send teams to hunt them down, officials said.\nhttps://t.co/6mEocanbDg",
            "newsRetweetDict": {
                "retweetID_946391835441709056": {
                    "retweetID": "946391835441709056",
                    "reUserName": "TSTirumurti",
                    "reTweetName": "T S Tirumurti",
                    "reTweetLocation": ""
                },
                "retweetID_52730806": {
                    "retweetID": "52730806",
                    "reUserName": "bijugovind",
                    "reTweetName": "biju govind",
                    "reTweetLocation": ""
                },
                "retweetID_799659678": {
                    "retweetID": "799659678",
                    "reUserName": "ManUtd_Rambler",
                    "reTweetName": "ManUtd_Rambler!",
                    "reTweetLocation": ""
                },
                "retweetID_1290721531081809920": {
                    "retweetID": "1290721531081809920",
                    "reUserName": "C0smicH0riz0n",
                    "reTweetName": "Cosmic Horizon",
                    "reTweetLocation": ""
                }
            },
            "newsLikesDict": {
                "likesID_863081397560516612": {
                    "likesID": "863081397560516612",
                    "likesUserName": "paneri_kamlesh",
                    "LikesName": "Kamlesh Paneri",
                    "Location": ""
                },
                "likesID_1416265163162808321": {
                    "likesID": "1416265163162808321",
                    "likesUserName": "_its_aadi28",
                    "LikesName": "A D I T Y A",
                    "Location": ""
                },
                "likesID_1435496540856995847": {
                    "likesID": "1435496540856995847",
                    "likesUserName": "niraj_visingh",
                    "LikesName": "Niraj Viram Singh",
                    "Location": ""
                },
                "likesID_1261663108105302016": {
                    "likesID": "1261663108105302016",
                    "likesUserName": "__ROOHDAAR__",
                    "LikesName": "Ishfaq( )",
                    "Location": ""
                },
                "likesID_1368567066970583042": {
                    "likesID": "1368567066970583042",
                    "likesUserName": "akashchauhan80",
                    "LikesName": "Akash Chauhan",
                    "Location": ""
                },
                "likesID_1468518299570884609": {
                    "likesID": "1468518299570884609",
                    "likesUserName": "SuyashS78573400",
                    "LikesName": "Suyash Shukla",
                    "Location": ""
                },
                "likesID_946391835441709056": {
                    "likesID": "946391835441709056",
                    "likesUserName": "TSTirumurti",
                    "LikesName": "T S Tirumurti",
                    "Location": ""
                },
                "likesID_1515281279901925383": {
                    "likesID": "1515281279901925383",
                    "likesUserName": "Vivekku99765",
                    "LikesName": "Vivek Kumar",
                    "Location": ""
                },
                "likesID_52730806": {
                    "likesID": "52730806",
                    "likesUserName": "bijugovind",
                    "LikesName": "biju govind",
                    "Location": ""
                },
                "likesID_1549390393967779840": {
                    "likesID": "1549390393967779840",
                    "likesUserName": "karuvadi07",
                    "LikesName": "Saikrishna Karuvadi",
                    "Location": ""
                },
                "likesID_1507394743788978176": {
                    "likesID": "1507394743788978176",
                    "likesUserName": "TaneshaDas",
                    "LikesName": "Tanesha Das",
                    "Location": ""
                },
                "likesID_1388056978337894403": {
                    "likesID": "1388056978337894403",
                    "likesUserName": "AbhiMishra1912",
                    "LikesName": "Abhishek Rajeshbhai Mishra",
                    "Location": ""
                },
                "likesID_1351422804814516224": {
                    "likesID": "1351422804814516224",
                    "likesUserName": "CylonOsint",
                    "LikesName": "Cylon Osint",
                    "Location": ""
                },
                "likesID_800941805940445184": {
                    "likesID": "800941805940445184",
                    "likesUserName": "Himanshusinghe1",
                    "LikesName": "Himanshu Singh Neeraj",
                    "Location": ""
                },
                "likesID_3180652687": {
                    "likesID": "3180652687",
                    "likesUserName": "afzal20486",
                    "LikesName": "Afzal Ahmed Khan",
                    "Location": ""
                },
                "likesID_135706377": {
                    "likesID": "135706377",
                    "likesUserName": "spandansb",
                    "LikesName": "Gurubramha",
                    "Location": ""
                },
                "likesID_1459567462475710468": {
                    "likesID": "1459567462475710468",
                    "likesUserName": "VikashK90592385",
                    "LikesName": "Vikash Kumar",
                    "Location": ""
                },
                "likesID_937992722585067520": {
                    "likesID": "937992722585067520",
                    "likesUserName": "SureshM73112211",
                    "LikesName": "Suresh Mallick",
                    "Location": ""
                }
            }
        },
        "newsId_1549391113202679813": {
            "id": "1549391113202679813",
            "text": "MHA informed the #LokSabha that global terrorist groups and foreign agencies have been making efforts to radicalise people, however, inclination towards radical ideologies is miniscule as compared to the population of the country.\nhttps://t.co/vialR9Inp8",
            "newsRetweetDict": {
                "retweetID_52730806": {
                    "retweetID": "52730806",
                    "reUserName": "bijugovind",
                    "reTweetName": "biju govind",
                    "reTweetLocation": ""
                },
                "retweetID_1290721531081809920": {
                    "retweetID": "1290721531081809920",
                    "reUserName": "C0smicH0riz0n",
                    "reTweetName": "Cosmic Horizon",
                    "reTweetLocation": ""
                },
                "retweetID_3237089228": {
                    "retweetID": "3237089228",
                    "reUserName": "MadhuNSH1",
                    "reTweetName": "Madhu N S H",
                    "reTweetLocation": ""
                },
                "retweetID_1118896057193127936": {
                    "retweetID": "1118896057193127936",
                    "reUserName": "viveknali2020",
                    "reTweetName": "NALI VIVEK ",
                    "reTweetLocation": ""
                }
            },
            "newsLikesDict": {
                "likesID_1236900210791444480": {
                    "likesID": "1236900210791444480",
                    "likesUserName": "RoyAranha",
                    "LikesName": "roy aranha",
                    "Location": ""
                },
                "likesID_947084083112296448": {
                    "likesID": "947084083112296448",
                    "likesUserName": "NiyaasAhmed",
                    "LikesName": "Niyaas",
                    "Location": ""
                },
                "likesID_52730806": {
                    "likesID": "52730806",
                    "likesUserName": "bijugovind",
                    "LikesName": "biju govind",
                    "Location": ""
                },
                "likesID_885254730624024577": {
                    "likesID": "885254730624024577",
                    "likesUserName": "Mecukah",
                    "LikesName": "Tage Mali",
                    "Location": ""
                },
                "likesID_937992722585067520": {
                    "likesID": "937992722585067520",
                    "likesUserName": "SureshM73112211",
                    "LikesName": "Suresh Mallick",
                    "Location": ""
                },
                "likesID_905013927745994753": {
                    "likesID": "905013927745994753",
                    "likesUserName": "fviak12",
                    "LikesName": "fvia",
                    "Location": ""
                },
                "likesID_2992514779": {
                    "likesID": "2992514779",
                    "likesUserName": "Ramprawesh1983",
                    "LikesName": "ramprawesh Yadav",
                    "Location": ""
                },
                "likesID_3180652687": {
                    "likesID": "3180652687",
                    "likesUserName": "afzal20486",
                    "LikesName": "Afzal Ahmed Khan",
                    "Location": ""
                },
                "likesID_1269450423024451584": {
                    "likesID": "1269450423024451584",
                    "likesUserName": "AshitPrakash4",
                    "LikesName": "Ashit Prakash",
                    "Location": ""
                },
                "likesID_1190373848799051777": {
                    "likesID": "1190373848799051777",
                    "likesUserName": "Shivohm012",
                    "LikesName": "Adv. Arjun Goyal  ",
                    "Location": ""
                },
                "likesID_232800340": {
                    "likesID": "232800340",
                    "likesUserName": "prasadboyapati1",
                    "LikesName": "Jai Janasena",
                    "Location": ""
                },
                "likesID_801800200238940161": {
                    "likesID": "801800200238940161",
                    "likesUserName": "AKARSHUPADHYAY4",
                    "LikesName": "Akarsh Upadhyay",
                    "Location": ""
                },
                "likesID_1148116654833844224": {
                    "likesID": "1148116654833844224",
                    "likesUserName": "Dwivedi_AUSU",
                    "LikesName": "Abhishek Dwivedi (AUSU )",
                    "Location": ""
                },
                "likesID_1541040429738917888": {
                    "likesID": "1541040429738917888",
                    "likesUserName": "MohammedInte",
                    "LikesName": "MOHAMMED Intekhab",
                    "Location": ""
                },
                "likesID_315904558": {
                    "likesID": "315904558",
                    "likesUserName": "SanalSudev",
                    "LikesName": "Sanal Sudevan",
                    "Location": ""
                },
                "likesID_874522804858888193": {
                    "likesID": "874522804858888193",
                    "likesUserName": "du_prashant99",
                    "LikesName": "Prashant Sharma",
                    "Location": ""
                },
                "likesID_1101501930780520448": {
                    "likesID": "1101501930780520448",
                    "likesUserName": "YuvrajMahajan64",
                    "LikesName": "Yuvraj Mahajan",
                    "Location": ""
                },
                "likesID_2545374113": {
                    "likesID": "2545374113",
                    "likesUserName": "BituponDeori",
                    "LikesName": "Bitupon Deori",
                    "Location": ""
                },
                "likesID_135706377": {
                    "likesID": "135706377",
                    "likesUserName": "spandansb",
                    "LikesName": "Gurubramha",
                    "Location": ""
                },
                "likesID_1334456201006862337": {
                    "likesID": "1334456201006862337",
                    "likesUserName": "Venky22837307",
                    "LikesName": "Venky",
                    "Location": ""
                },
                "likesID_132026103": {
                    "likesID": "132026103",
                    "likesUserName": "drsourabhroy",
                    "LikesName": "Sourabh Roy",
                    "Location": ""
                },
                "likesID_871631044285534209": {
                    "likesID": "871631044285534209",
                    "likesUserName": "Uma_ash",
                    "LikesName": "Umar",
                    "Location": ""
                },
                "likesID_1477881328200679425": {
                    "likesID": "1477881328200679425",
                    "likesUserName": "arramakrishna",
                    "LikesName": "Ramakrishna A R",
                    "Location": ""
                },
                "likesID_1270733378346577920": {
                    "likesID": "1270733378346577920",
                    "likesUserName": "Ram76000",
                    "LikesName": "Ramprasad",
                    "Location": ""
                }
            },
            "newsCommentDict": {
                "commentID_1549401744509222914": {
                    "commentUserID": "1236900210791444480",
                    "commentID": "1549401744509222914",
                    "commentText": "@the_hindu rotten misinformation perceived threats",
                    "location": ""
                },
                "commentID_1549393703785140231": {
                    "commentUserID": "2209132356",
                    "commentID": "1549393703785140231",
                    "commentText": "@the_hindu Can't believe. Seems to lack credibility.",
                    "location": "India"
                },
                "commentID_1549392879646560256": {
                    "commentUserID": "1502147664208482304",
                    "commentID": "1549392879646560256",
                    "commentText": "@the_hindu What MHA deliberately didn't inform was the efforts of the Indian govt to radicalize the people of the majority community and so far have been successful if not a great deal but at least pretty well",
                    "location": ""
                }
            }
        },
        "newsId_1549388610776047617": {
            "id": "1549388610776047617",
            "text": "#SriLankas acting President #RanilWickremesinghe has said that much of the contents in his private residence in Colombo were not salvageable after protesters torched it on July 9, destroying his 125-year-old piano and more than 4,000 books. \n\nhttps://t.co/8xoOyPDQNb",
            "newsRetweetDict": {
                "retweetID_2433532652": {
                    "retweetID": "2433532652",
                    "reUserName": "DuliniR",
                    "reTweetName": "Dulini Rathnayake",
                    "reTweetLocation": ""
                }
            },
            "newsLikesDict": {
                "likesID_52730806": {
                    "likesID": "52730806",
                    "likesUserName": "bijugovind",
                    "LikesName": "biju govind",
                    "Location": ""
                },
                "likesID_3180652687": {
                    "likesID": "3180652687",
                    "likesUserName": "afzal20486",
                    "LikesName": "Afzal Ahmed Khan",
                    "Location": ""
                },
                "likesID_1300675741303021568": {
                    "likesID": "1300675741303021568",
                    "likesUserName": "AbhijeetApet",
                    "LikesName": "Abhijeet Apet",
                    "Location": ""
                },
                "likesID_1142483613549600768": {
                    "likesID": "1142483613549600768",
                    "likesUserName": "lunnamalai",
                    "LikesName": "Unnamalai Lakshmann",
                    "Location": ""
                },
                "likesID_1038869527713538049": {
                    "likesID": "1038869527713538049",
                    "likesUserName": "Ajeet_Indian1",
                    "LikesName": "Ajeet Kumar Pandey",
                    "Location": ""
                },
                "likesID_41984609": {
                    "likesID": "41984609",
                    "likesUserName": "sour77in",
                    "LikesName": "Arun Vellappallil",
                    "Location": ""
                },
                "likesID_1110760389439037442": {
                    "likesID": "1110760389439037442",
                    "likesUserName": "pavan_yaadav",
                    "LikesName": "Pawan_yaadav",
                    "Location": ""
                },
                "likesID_1487647722458927105": {
                    "likesID": "1487647722458927105",
                    "likesUserName": "KosseryMeenu",
                    "LikesName": "KOSSERY CHITHRAN",
                    "Location": ""
                },
                "likesID_1101711369055854592": {
                    "likesID": "1101711369055854592",
                    "likesUserName": "stark_bannerman",
                    "LikesName": "Arun Kumar",
                    "Location": ""
                },
                "likesID_1206641370091245598": {
                    "likesID": "1206641370091245598",
                    "likesUserName": "CityMMK",
                    "LikesName": "Blue Moon",
                    "Location": ""
                },
                "likesID_981739167695568896": {
                    "likesID": "981739167695568896",
                    "likesUserName": "AlokMis34630445",
                    "LikesName": "Alok Mishra",
                    "Location": ""
                },
                "likesID_1481651147685662721": {
                    "likesID": "1481651147685662721",
                    "likesUserName": "guganeshM18",
                    "LikesName": "guganesh M",
                    "Location": ""
                },
                "likesID_1678918218": {
                    "likesID": "1678918218",
                    "likesUserName": "Malai_Llama",
                    "LikesName": "saurabh sharma",
                    "Location": ""
                }
            }
        },
        "newsId_1549386130860154880": {
            "id": "1549386130860154880",
            "text": "Prime Minister #NarendraModi on Tuesday paid tributes to the hero of Sepoy Mutiny #MangalPandey on his birth anniversary, saying he ignited the spark of patriotism at a very critical period. \n\nhttps://t.co/txSXIrtATH",
            "newsRetweetDict": {
                "retweetID_1112038022927863808": {
                    "retweetID": "1112038022927863808",
                    "reUserName": "AndrewW66619812",
                    "reTweetName": "Andy_Weeble_Weaver",
                    "reTweetLocation": ""
                },
                "retweetID_114477413": {
                    "retweetID": "114477413",
                    "reUserName": "nishant1amity",
                    "reTweetName": "nishant kumar mehta",
                    "reTweetLocation": ""
                }
            },
            "newsLikesDict": {
                "likesID_1315918499684864002": {
                    "likesID": "1315918499684864002",
                    "likesUserName": "mukesh_roy1998",
                    "LikesName": "Mukesh Roy",
                    "Location": ""
                },
                "likesID_1537264773984829446": {
                    "likesID": "1537264773984829446",
                    "likesUserName": "Vikashk66312917",
                    "LikesName": "Vikash kumar",
                    "Location": ""
                },
                "likesID_1549245112240476160": {
                    "likesID": "1549245112240476160",
                    "likesUserName": "Kaidi__420",
                    "LikesName": " ",
                    "Location": ""
                },
                "likesID_1058055336953704449": {
                    "likesID": "1058055336953704449",
                    "likesUserName": "BIPINBI02690157",
                    "LikesName": "BIPIN BIHARI SINGH",
                    "Location": ""
                },
                "likesID_52730806": {
                    "likesID": "52730806",
                    "likesUserName": "bijugovind",
                    "LikesName": "biju govind",
                    "Location": ""
                },
                "likesID_1499008156978249730": {
                    "likesID": "1499008156978249730",
                    "likesUserName": "SolderMangulu",
                    "LikesName": "Soldier jeeban",
                    "Location": ""
                },
                "likesID_1110760389439037442": {
                    "likesID": "1110760389439037442",
                    "likesUserName": "pavan_yaadav",
                    "LikesName": "Pawan_yaadav",
                    "Location": ""
                },
                "likesID_745206016275550209": {
                    "likesID": "745206016275550209",
                    "likesUserName": "Subhank25219819",
                    "LikesName": "Subhankar Biswas",
                    "Location": ""
                },
                "likesID_1544574120087564290": {
                    "likesID": "1544574120087564290",
                    "likesUserName": "JiyaSin50107357",
                    "LikesName": "Jiya Singh",
                    "Location": ""
                },
                "likesID_1508694141009481734": {
                    "likesID": "1508694141009481734",
                    "likesUserName": "raymon_chi",
                    "LikesName": "Raymon chi",
                    "Location": ""
                },
                "likesID_1549348120500539392": {
                    "likesID": "1549348120500539392",
                    "likesUserName": "deepakkumar__9",
                    "LikesName": "Deepak Kumar",
                    "Location": ""
                },
                "likesID_236464859": {
                    "likesID": "236464859",
                    "likesUserName": "akshy321",
                    "LikesName": "Akshay",
                    "Location": ""
                },
                "likesID_735804120049680384": {
                    "likesID": "735804120049680384",
                    "likesUserName": "nikita_saha_",
                    "LikesName": "Shylee_",
                    "Location": ""
                },
                "likesID_1329485442736029696": {
                    "likesID": "1329485442736029696",
                    "likesUserName": "Tagam65843318",
                    "LikesName": "Tagam",
                    "Location": ""
                },
                "likesID_1232560941910384640": {
                    "likesID": "1232560941910384640",
                    "likesUserName": "AiluriSanjeeva",
                    "LikesName": "Ailuri Sanjva",
                    "Location": ""
                },
                "likesID_1454229106091036674": {
                    "likesID": "1454229106091036674",
                    "likesUserName": "Praghura",
                    "LikesName": "Priya Raghuraman",
                    "Location": ""
                },
                "likesID_1530521818330968064": {
                    "likesID": "1530521818330968064",
                    "likesUserName": "ARameswarPatro",
                    "LikesName": "A Rameswar Patro",
                    "Location": ""
                },
                "likesID_1364969925622833159": {
                    "likesID": "1364969925622833159",
                    "likesUserName": "AdarshS69512254",
                    "LikesName": "Adarsh Singh.",
                    "Location": ""
                },
                "likesID_1289619900839862272": {
                    "likesID": "1289619900839862272",
                    "likesUserName": "_ankur99_",
                    "LikesName": "Ankur",
                    "Location": ""
                },
                "likesID_1343130747008270336": {
                    "likesID": "1343130747008270336",
                    "likesUserName": "ak_rai24",
                    "LikesName": "Akash Kumar Rai",
                    "Location": ""
                },
                "likesID_1455569206368292877": {
                    "likesID": "1455569206368292877",
                    "likesUserName": "ravindra11102",
                    "LikesName": "Ravindra chavan",
                    "Location": ""
                },
                "likesID_1511216222775685121": {
                    "likesID": "1511216222775685121",
                    "likesUserName": "SANTOSH84477155",
                    "LikesName": "Santosh #Savesoil ",
                    "Location": ""
                }
            },
            "newsCommentDict": {
                "commentID_1549390713817006081": {
                    "commentUserID": "968458476",
                    "commentID": "1549390713817006081",
                    "commentText": "@the_hindu Bloody sepoys still calling it a mutiny. First war of independence.",
                    "location": "Bangalore"
                }
            }
        },
        "newsId_1549383574532546572": {
            "id": "1549383574532546572",
            "text": "#China will take resolute and strong measures should the speaker of the U.S. House of Representatives Speaker Nancy Pelosi proceed with reported plans to visit #Taiwan, the Chinese Foreign Ministry said Tuesday.\n\nhttps://t.co/di8uupaZ7d",
            "newsRetweetDict": {
                "retweetID_52730806": {
                    "retweetID": "52730806",
                    "reUserName": "bijugovind",
                    "reTweetName": "biju govind",
                    "reTweetLocation": ""
                },
                "retweetID_114477413": {
                    "retweetID": "114477413",
                    "reUserName": "nishant1amity",
                    "reTweetName": "nishant kumar mehta",
                    "reTweetLocation": ""
                },
                "retweetID_753571509080174592": {
                    "retweetID": "753571509080174592",
                    "reUserName": "viriyabot",
                    "reTweetName": "VIRIYA",
                    "reTweetLocation": ""
                }
            },
            "newsLikesDict": {
                "likesID_1110760389439037442": {
                    "likesID": "1110760389439037442",
                    "likesUserName": "pavan_yaadav",
                    "LikesName": "Pawan_yaadav",
                    "Location": ""
                },
                "likesID_1544574120087564290": {
                    "likesID": "1544574120087564290",
                    "likesUserName": "JiyaSin50107357",
                    "LikesName": "Jiya Singh",
                    "Location": ""
                },
                "likesID_1224653616125894657": {
                    "likesID": "1224653616125894657",
                    "likesUserName": "Shesh09863413",
                    "LikesName": "Shesh",
                    "Location": ""
                },
                "likesID_1069900247910907904": {
                    "likesID": "1069900247910907904",
                    "likesUserName": "_DipayanSain",
                    "LikesName": "Dipayan Sain",
                    "Location": ""
                },
                "likesID_3134141954": {
                    "likesID": "3134141954",
                    "likesUserName": "the6reatbeast",
                    "LikesName": "bishop",
                    "Location": ""
                },
                "likesID_1255449435032739840": {
                    "likesID": "1255449435032739840",
                    "likesUserName": "q13_asif",
                    "LikesName": "Mohammed Asif Qureshi",
                    "Location": ""
                },
                "likesID_1479861065240363011": {
                    "likesID": "1479861065240363011",
                    "likesUserName": "buandankkar",
                    "LikesName": "Vicky Bhandakkar",
                    "Location": ""
                },
                "likesID_2905762741": {
                    "likesID": "2905762741",
                    "likesUserName": "Nandamurugesh",
                    "LikesName": "Nandakumar M",
                    "Location": ""
                }
            },
            "newsCommentDict": {
                "commentID_1549384765815820288": {
                    "commentUserID": "947101814",
                    "commentID": "1549384765815820288",
                    "commentText": "@the_hindu   I-204 Skytech Matrott -76   2015         7   ,            \n   SKYTECH CONSTRUCTIONS   -  , 9899700400       JK SHARMA 9811616003",
                    "location": ""
                },
                "commentID_1549384564845342721": {
                    "commentUserID": "1540692525014343681",
                    "commentID": "1549384564845342721",
                    "commentText": "@the_hindu  news     5000        india   problem          news     best        india     50%              ",
                    "location": ""
                }
            }
        },
        "newsId_1549381068129804291": {
            "id": "1549381068129804291",
            "text": "Watch | The #RBI issued a circular that detailed additional arrangement for invoicing, payment, and settlement of exports and imports in Indian rupees. To know more about this, check out the upcoming episode of Business Matters with @bharatkk on July 20!\nhttps://t.co/ds9VRyMjte https://t.co/E9xpNwL2SU",
            "newsRetweetDict": {
                "retweetID_114477413": {
                    "retweetID": "114477413",
                    "reUserName": "nishant1amity",
                    "reTweetName": "nishant kumar mehta",
                    "reTweetLocation": ""
                },
                "retweetID_1542347405425016832": {
                    "retweetID": "1542347405425016832",
                    "reUserName": "Shiva03333180",
                    "reTweetName": "Shiva",
                    "reTweetLocation": ""
                },
                "retweetID_1452187676459868163": {
                    "retweetID": "1452187676459868163",
                    "reUserName": "Darth_Yush",
                    "reTweetName": "A",
                    "reTweetLocation": ""
                }
            },
            "newsLikesDict": {
                "likesID_1523323663499505664": {
                    "likesID": "1523323663499505664",
                    "likesUserName": "SunnySi33479584",
                    "LikesName": "Sunny Singh",
                    "Location": ""
                },
                "likesID_462045907": {
                    "likesID": "462045907",
                    "likesUserName": "sapteswarnaik",
                    "LikesName": "sapteswar naik",
                    "Location": ""
                },
                "likesID_773524756972830720": {
                    "likesID": "773524756972830720",
                    "likesUserName": "Ysy81590912",
                    "LikesName": "Yadvendra singh",
                    "Location": ""
                },
                "likesID_1544574120087564290": {
                    "likesID": "1544574120087564290",
                    "likesUserName": "JiyaSin50107357",
                    "LikesName": "Jiya Singh",
                    "Location": ""
                },
                "likesID_1536436609570471936": {
                    "likesID": "1536436609570471936",
                    "likesUserName": "vanshikavaze",
                    "LikesName": "Vanshika Vaze |  ",
                    "Location": ""
                },
                "likesID_1366915810380316674": {
                    "likesID": "1366915810380316674",
                    "likesUserName": "ragas460",
                    "LikesName": "Sagar",
                    "Location": ""
                },
                "likesID_1450096892524711945": {
                    "likesID": "1450096892524711945",
                    "likesUserName": "_sud33p_",
                    "LikesName": "Sudeep",
                    "Location": ""
                },
                "likesID_1459567462475710468": {
                    "likesID": "1459567462475710468",
                    "likesUserName": "VikashK90592385",
                    "LikesName": "Vikash Kumar",
                    "Location": ""
                },
                "likesID_2932050428": {
                    "likesID": "2932050428",
                    "likesUserName": "DewasiManglaram",
                    "LikesName": "Mangal Desai Delhi",
                    "Location": ""
                },
                "likesID_1191631376388362240": {
                    "likesID": "1191631376388362240",
                    "likesUserName": "Soul_hacker_23",
                    "LikesName": "  ",
                    "Location": ""
                },
                "likesID_296156016": {
                    "likesID": "296156016",
                    "likesUserName": "Mur_7424",
                    "LikesName": "Murtaza Lokhandwala",
                    "Location": ""
                },
                "likesID_970871716674117632": {
                    "likesID": "970871716674117632",
                    "likesUserName": "abhishekjha157",
                    "LikesName": "Abhishek Jha",
                    "Location": ""
                },
                "likesID_1260141425985032193": {
                    "likesID": "1260141425985032193",
                    "likesUserName": "Sauryaaaa",
                    "LikesName": "Saurya Rathaur",
                    "Location": ""
                }
            },
            "newsCommentDict": {
                "commentID_1549386950599385088": {
                    "commentUserID": "1502147664208482304",
                    "commentID": "1549386950599385088",
                    "commentText": "@the_hindu @bharatkk The US and most European countries, especially advanced economies of the world world love to take indian rupees since it has become the best performing currency of the world since 2014",
                    "location": ""
                },
                "commentID_1549382459984293888": {
                    "commentUserID": "1527944234233344000",
                    "commentID": "1549382459984293888",
                    "commentText": "@the_hindu @bharatkk https://t.co/qwxC7J4gIb",
                    "location": ""
                }
            }
        }
    }
}