{
    "20751449": {
        "newsAccountDetails": {
            "id": "20751449",
            "newsaccounthandler": "the_hindu",
            "capturedate": "2022-07-18 11:58:15.156471",
            "location": "Chennai, India"
        },
        "newsId_1548983564686999552": {
            "id": "1548983564686999552",
            "text": "RT @thehindubiz: Edible oil firm Adani Wilmar, which sells its products under Fortune brand, announced reduction in cooking oil prices by u",
            "newsRetweetDict": {},
            "newsLikesDict": {}
        },
        "newsId_1548980936636878851": {
            "id": "1548980936636878851",
            "text": "Ukrainian President Volodymyr #Zelensky fired the head of the countrys security service and its prosecutor general on July 17, citing hundreds of criminal proceedings into treason and collaboration by people within their departments.\n\nhttps://t.co/AiFknyv9ir",
            "newsRetweetDict": {
                "retweetID_402007279": {
                    "retweetID": "402007279",
                    "reUserName": "3rd_Handle",
                    "reTweetName": "Syncretic",
                    "reTweetLocation": ""
                }
            },
            "newsLikesDict": {
                "likesID_1540683102154297344": {
                    "likesID": "1540683102154297344",
                    "likesUserName": "Khwajahabeeb",
                    "LikesName": "Khwaja Habeeb",
                    "Location": ""
                },
                "likesID_1420147233870147588": {
                    "likesID": "1420147233870147588",
                    "likesUserName": "YD_SAM_97",
                    "LikesName": "Sam",
                    "Location": ""
                },
                "likesID_1460885627763716097": {
                    "likesID": "1460885627763716097",
                    "likesUserName": "JaiVelu8",
                    "LikesName": "Jai Velu",
                    "Location": ""
                }
            },
            "newsCommentDict": {
                "commentID_1548983476606537728": {
                    "commentUserID": "144438400",
                    "commentID": "1548983476606537728",
                    "commentText": "@the_hindu Wonder who is tje bigger crook",
                    "location": ""
                }
            }
        },
        "newsId_1548980787676078080": {
            "id": "1548980787676078080",
            "text": "RT @TheHinduCinema: The absurdist comedy film is written and directed by Daniel Kwan and Daniel Scheinert.\n\n#EverythingEverywhereAllAtOnce",
            "newsRetweetDict": {},
            "newsLikesDict": {}
        },
        "newsId_1548978400869613571": {
            "id": "1548978400869613571",
            "text": "SC extended the time for completion of special audit of 25 years of accounts of Sree Padmanabhaswamy temple &amp; its trusts to August 31, 2022. \n\nhttps://t.co/6VOVluKlm4",
            "newsRetweetDict": {
                "retweetID_1396343928127778820": {
                    "retweetID": "1396343928127778820",
                    "reUserName": "RanjanCommunist",
                    "reTweetName": "Comrade Ranjan AISF",
                    "reTweetLocation": ""
                },
                "retweetID_1501446338818768898": {
                    "retweetID": "1501446338818768898",
                    "reUserName": "arvindreddyvar",
                    "reTweetName": "Arvind Reddy",
                    "reTweetLocation": ""
                },
                "retweetID_262505657": {
                    "retweetID": "262505657",
                    "reUserName": "atulmodani",
                    "reTweetName": "Atul Modani",
                    "reTweetLocation": ""
                }
            },
            "newsLikesDict": {
                "likesID_1501446338818768898": {
                    "likesID": "1501446338818768898",
                    "likesUserName": "arvindreddyvar",
                    "LikesName": "Arvind Reddy",
                    "Location": ""
                },
                "likesID_75979986": {
                    "likesID": "75979986",
                    "likesUserName": "write2ragavan",
                    "LikesName": "K.RAGAVAN..",
                    "Location": ""
                },
                "likesID_2401311560": {
                    "likesID": "2401311560",
                    "likesUserName": "AbhilashSanap",
                    "LikesName": "Abhilash Sanap",
                    "Location": ""
                },
                "likesID_1270951839601549313": {
                    "likesID": "1270951839601549313",
                    "likesUserName": "RaviYad96953241",
                    "LikesName": "Ravi Yadav",
                    "Location": ""
                },
                "likesID_1460885627763716097": {
                    "likesID": "1460885627763716097",
                    "likesUserName": "JaiVelu8",
                    "LikesName": "Jai Velu",
                    "Location": ""
                },
                "likesID_1542342687289917441": {
                    "likesID": "1542342687289917441",
                    "likesUserName": "chandankrydv11",
                    "LikesName": "chandan kr. ydv",
                    "Location": ""
                },
                "likesID_3903094884": {
                    "likesID": "3903094884",
                    "likesUserName": "kathirinnovator",
                    "LikesName": "kathir",
                    "Location": ""
                },
                "likesID_162326498": {
                    "likesID": "162326498",
                    "likesUserName": "Shivjyoti007",
                    "LikesName": "Shivjyoti",
                    "Location": ""
                },
                "likesID_1208668023021658112": {
                    "likesID": "1208668023021658112",
                    "likesUserName": "ersinha_66",
                    "LikesName": "Er Sinha",
                    "Location": ""
                },
                "likesID_1049591049516011523": {
                    "likesID": "1049591049516011523",
                    "likesUserName": "Ashanarayana1",
                    "LikesName": "Ashanarayana",
                    "Location": ""
                },
                "likesID_428893773": {
                    "likesID": "428893773",
                    "likesUserName": "84nilesh",
                    "LikesName": "Nilesh Satav",
                    "Location": ""
                },
                "likesID_2609340444": {
                    "likesID": "2609340444",
                    "likesUserName": "reddymani777",
                    "LikesName": "eddy ani",
                    "Location": ""
                },
                "likesID_1238341668484657152": {
                    "likesID": "1238341668484657152",
                    "likesUserName": "Ashwani18091",
                    "LikesName": "Ashwani@1809",
                    "Location": ""
                },
                "likesID_898926903532306433": {
                    "likesID": "898926903532306433",
                    "likesUserName": "BenjaminCylus",
                    "LikesName": "Cylus Benjamin",
                    "Location": ""
                },
                "likesID_1255040846832922625": {
                    "likesID": "1255040846832922625",
                    "likesUserName": "ThakurS77372317",
                    "LikesName": "   ",
                    "Location": ""
                },
                "likesID_2823560444": {
                    "likesID": "2823560444",
                    "likesUserName": "skumar22598",
                    "LikesName": "suraj kumar",
                    "Location": ""
                },
                "likesID_1367054821715451908": {
                    "likesID": "1367054821715451908",
                    "likesUserName": "Manish78994186",
                    "LikesName": "Manish Sharma",
                    "Location": ""
                },
                "likesID_787980196058009605": {
                    "likesID": "787980196058009605",
                    "likesUserName": "Awinashawii",
                    "LikesName": "Running Raja",
                    "Location": ""
                },
                "likesID_1299965347215286273": {
                    "likesID": "1299965347215286273",
                    "likesUserName": "Gane_2711",
                    "LikesName": "Ganesh",
                    "Location": ""
                }
            },
            "newsCommentDict": {
                "commentID_1548983625018114048": {
                    "commentUserID": "75979986",
                    "commentID": "1548983625018114048",
                    "commentText": "@the_hindu Special audit of the Famous Padmanabha swamy temple by the SC was a good move.Audit for 25 Years  can not be finished ,it should be given sufficient time and SC has done that.",
                    "location": "Bangalore India"
                }
            }
        },
        "newsId_1548977202422849537": {
            "id": "1548977202422849537",
            "text": "RT @TheHinduCinema: The untitled project will be jointly produced by #SajidNadiadwala and #KabirKhan.\n\n#KartikAaryan\nhttps://t.co/ZxCDABLzEE",
            "newsRetweetDict": {},
            "newsLikesDict": {}
        },
        "newsId_1548975918995177473": {
            "id": "1548975918995177473",
            "text": "RT @THMumbai: A magistrate court on Monday directed Shiv Sena leader #SanjayRaut to be present in court on August 6 in a defamation case fi",
            "newsRetweetDict": {},
            "newsLikesDict": {}
        },
        "newsId_1548974333808230400": {
            "id": "1548974333808230400",
            "text": "Justice Chandrachud gave the relief while remarking that contents of all FIRs are similar. The court orally remarked that FIRs are being registered against #Zubair as if in a vicious circle. Though he got bail in Delhi &amp; Sitapur cases, more have been filed, reports @kdrajagopal",
            "newsRetweetDict": {
                "retweetID_1529271082989289472": {
                    "retweetID": "1529271082989289472",
                    "reUserName": "VishalR19323035",
                    "reTweetName": "Vishal Rana",
                    "reTweetLocation": ""
                }
            },
            "newsLikesDict": {
                "likesID_854016058688233474": {
                    "likesID": "854016058688233474",
                    "likesUserName": "jairamverma12",
                    "LikesName": "jairam verma",
                    "Location": ""
                },
                "likesID_1367054821715451908": {
                    "likesID": "1367054821715451908",
                    "likesUserName": "Manish78994186",
                    "LikesName": "Manish Sharma",
                    "Location": ""
                },
                "likesID_1061287365958787073": {
                    "likesID": "1061287365958787073",
                    "likesUserName": "amjeebanjyoti",
                    "LikesName": "Jiban ",
                    "Location": ""
                },
                "likesID_1512558955288924160": {
                    "likesID": "1512558955288924160",
                    "likesUserName": "_ashutoshk_",
                    "LikesName": "ashutosh (unfunny era)",
                    "Location": ""
                },
                "likesID_1192947628146876418": {
                    "likesID": "1192947628146876418",
                    "likesUserName": "13khansameer",
                    "LikesName": "Sameer Khan(  )",
                    "Location": ""
                },
                "likesID_1351039776342867970": {
                    "likesID": "1351039776342867970",
                    "likesUserName": "imudayraj_",
                    "LikesName": "Uday Raj Ugan",
                    "Location": ""
                },
                "likesID_1254349778990903298": {
                    "likesID": "1254349778990903298",
                    "likesUserName": "Ibrahim01991950",
                    "LikesName": "AAPka Ibrahim",
                    "Location": ""
                },
                "likesID_299507138": {
                    "likesID": "299507138",
                    "likesUserName": "NaveenSuthar",
                    "LikesName": "Naveen Suthar",
                    "Location": ""
                },
                "likesID_1199904013384220673": {
                    "likesID": "1199904013384220673",
                    "likesUserName": "SamyakSubham",
                    "LikesName": "Sam",
                    "Location": ""
                },
                "likesID_1488533620180779009": {
                    "likesID": "1488533620180779009",
                    "likesUserName": "iamsaamin",
                    "LikesName": "Aamin Hussain",
                    "Location": ""
                },
                "likesID_406741950": {
                    "likesID": "406741950",
                    "likesUserName": "KareemBootwalla",
                    "LikesName": "Kareem Bootwalla",
                    "Location": ""
                },
                "likesID_1692931548": {
                    "likesID": "1692931548",
                    "likesUserName": "seasailor59",
                    "LikesName": "seasailor",
                    "Location": ""
                },
                "likesID_107693706": {
                    "likesID": "107693706",
                    "likesUserName": "Mister_Kapoor",
                    "LikesName": "Little Lord Chuckleroy",
                    "Location": ""
                },
                "likesID_1329134171751497731": {
                    "likesID": "1329134171751497731",
                    "likesUserName": "parate_vrushab",
                    "LikesName": "Vrushab Parate",
                    "Location": ""
                },
                "likesID_3287271048": {
                    "likesID": "3287271048",
                    "likesUserName": "dhruvrastogi04",
                    "LikesName": "Dhruv Rastogi",
                    "Location": ""
                },
                "likesID_838424621573603328": {
                    "likesID": "838424621573603328",
                    "likesUserName": "robin3652",
                    "LikesName": "Robin",
                    "Location": ""
                },
                "likesID_1529271082989289472": {
                    "likesID": "1529271082989289472",
                    "likesUserName": "VishalR19323035",
                    "LikesName": "Vishal Rana",
                    "Location": ""
                }
            }
        },
        "newsId_1548973980949807104": {
            "id": "1548973980949807104",
            "text": "The SC directs the urgent listing of his plea for bail in all these 5 FIRs on July 20, reports @kdrajagopal",
            "newsRetweetDict": {
                "retweetID_1244102949447430144": {
                    "retweetID": "1244102949447430144",
                    "reUserName": "yugayatri",
                    "reTweetName": "prafulla das",
                    "reTweetLocation": ""
                },
                "retweetID_1529271082989289472": {
                    "retweetID": "1529271082989289472",
                    "reUserName": "VishalR19323035",
                    "reTweetName": "Vishal Rana",
                    "reTweetLocation": ""
                }
            },
            "newsLikesDict": {
                "likesID_3385672259": {
                    "likesID": "3385672259",
                    "likesUserName": "altruist_Ji",
                    "LikesName": "Raman_",
                    "Location": ""
                },
                "likesID_1107300117894361088": {
                    "likesID": "1107300117894361088",
                    "likesUserName": "AmitSin59156402",
                    "LikesName": "Amit Singh ",
                    "Location": ""
                },
                "likesID_1367054821715451908": {
                    "likesID": "1367054821715451908",
                    "likesUserName": "Manish78994186",
                    "LikesName": "Manish Sharma",
                    "Location": ""
                },
                "likesID_788577785702789120": {
                    "likesID": "788577785702789120",
                    "likesUserName": "naximrafiq",
                    "LikesName": "N a x i ",
                    "Location": ""
                },
                "likesID_1514431608476286976": {
                    "likesID": "1514431608476286976",
                    "likesUserName": "NayabKhan70",
                    "LikesName": "Nayab Khan",
                    "Location": ""
                },
                "likesID_157661476": {
                    "likesID": "157661476",
                    "likesUserName": "Rkgajria",
                    "LikesName": "Ramesh Kishanchand Gajria",
                    "Location": ""
                },
                "likesID_853881108399783936": {
                    "likesID": "853881108399783936",
                    "likesUserName": "Sauravku2500",
                    "LikesName": "Saurav Sharma",
                    "Location": ""
                },
                "likesID_1386749923769548800": {
                    "likesID": "1386749923769548800",
                    "likesUserName": "AhmedTahir2013",
                    "LikesName": "The lst str ",
                    "Location": ""
                },
                "likesID_1254349778990903298": {
                    "likesID": "1254349778990903298",
                    "likesUserName": "Ibrahim01991950",
                    "LikesName": "AAPka Ibrahim",
                    "Location": ""
                },
                "likesID_2525822690": {
                    "likesID": "2525822690",
                    "likesUserName": "ImranAlig67",
                    "LikesName": "Shaikh Imran Alig",
                    "Location": ""
                },
                "likesID_1315459056": {
                    "likesID": "1315459056",
                    "likesUserName": "krishnadw2017",
                    "LikesName": "Krishna Dwivedi",
                    "Location": ""
                },
                "likesID_1270166529686949888": {
                    "likesID": "1270166529686949888",
                    "likesUserName": "firasatuddin",
                    "LikesName": "Firasatuddin",
                    "Location": ""
                },
                "likesID_406741950": {
                    "likesID": "406741950",
                    "likesUserName": "KareemBootwalla",
                    "LikesName": "Kareem Bootwalla",
                    "Location": ""
                },
                "likesID_1488533620180779009": {
                    "likesID": "1488533620180779009",
                    "likesUserName": "iamsaamin",
                    "LikesName": "Aamin Hussain",
                    "Location": ""
                },
                "likesID_1692931548": {
                    "likesID": "1692931548",
                    "likesUserName": "seasailor59",
                    "LikesName": "seasailor",
                    "Location": ""
                },
                "likesID_581582734": {
                    "likesID": "581582734",
                    "likesUserName": "JzNaveen",
                    "LikesName": "Naveen Jz",
                    "Location": ""
                },
                "likesID_1321432211422240769": {
                    "likesID": "1321432211422240769",
                    "likesUserName": "shivampandey725",
                    "LikesName": " ",
                    "Location": ""
                },
                "likesID_875678540": {
                    "likesID": "875678540",
                    "likesUserName": "freak9411",
                    "LikesName": "gaurav rawat",
                    "Location": ""
                },
                "likesID_1529271082989289472": {
                    "likesID": "1529271082989289472",
                    "likesUserName": "VishalR19323035",
                    "LikesName": "Vishal Rana",
                    "Location": ""
                },
                "likesID_1339256158465400832": {
                    "likesID": "1339256158465400832",
                    "likesUserName": "Arshad07072267",
                    "LikesName": "Arshad",
                    "Location": ""
                },
                "likesID_3287271048": {
                    "likesID": "3287271048",
                    "likesUserName": "dhruvrastogi04",
                    "LikesName": "Dhruv Rastogi",
                    "Location": ""
                },
                "likesID_1249629934768623616": {
                    "likesID": "1249629934768623616",
                    "likesUserName": "RkGuRu44397677",
                    "LikesName": "R k GuRu",
                    "Location": ""
                },
                "likesID_2787960193": {
                    "likesID": "2787960193",
                    "likesUserName": "pradeep_jegan96",
                    "LikesName": "Pradeep Jeganathan",
                    "Location": ""
                },
                "likesID_1362409383762739211": {
                    "likesID": "1362409383762739211",
                    "likesUserName": "Chethan83438716",
                    "LikesName": "Chethan",
                    "Location": ""
                },
                "likesID_1270386027530616832": {
                    "likesID": "1270386027530616832",
                    "likesUserName": "ManishM78837273",
                    "LikesName": "Manish Malhotra",
                    "Location": ""
                },
                "likesID_4658533578": {
                    "likesID": "4658533578",
                    "likesUserName": "raunak_aug15",
                    "LikesName": "Raunak Rai",
                    "Location": ""
                }
            }
        },
        "newsId_1548973653739638786": {
            "id": "1548973653739638786",
            "text": "Just in | In a relief for Mohammed #Zubair, SC orders that no precipitate steps should be taken against him in any of the 5 FIRs registered in UP for today and tomorrow without the permission of the apex court, reports @kdrajagopal",
            "newsRetweetDict": {
                "retweetID_2537764291": {
                    "retweetID": "2537764291",
                    "reUserName": "GhayasM73",
                    "reTweetName": "Ghayas Muhammad",
                    "reTweetLocation": ""
                },
                "retweetID_1529271082989289472": {
                    "retweetID": "1529271082989289472",
                    "reUserName": "VishalR19323035",
                    "reTweetName": "Vishal Rana",
                    "reTweetLocation": ""
                },
                "retweetID_875678540": {
                    "retweetID": "875678540",
                    "reUserName": "freak9411",
                    "reTweetName": "gaurav rawat",
                    "reTweetLocation": ""
                },
                "retweetID_1427343101333491716": {
                    "retweetID": "1427343101333491716",
                    "reUserName": "AlkalinePh_14",
                    "reTweetName": "Alkaline",
                    "reTweetLocation": ""
                },
                "retweetID_2277262537": {
                    "retweetID": "2277262537",
                    "reUserName": "sanjai2july",
                    "reTweetName": "Sanjai",
                    "reTweetLocation": ""
                }
            },
            "newsLikesDict": {
                "likesID_1418205307465990151": {
                    "likesID": "1418205307465990151",
                    "likesUserName": "Satviks270",
                    "LikesName": "Satvik Sharma",
                    "Location": ""
                },
                "likesID_3385672259": {
                    "likesID": "3385672259",
                    "likesUserName": "altruist_Ji",
                    "LikesName": "Raman_",
                    "Location": ""
                },
                "likesID_1107300117894361088": {
                    "likesID": "1107300117894361088",
                    "likesUserName": "AmitSin59156402",
                    "LikesName": "Amit Singh ",
                    "Location": ""
                },
                "likesID_788577785702789120": {
                    "likesID": "788577785702789120",
                    "likesUserName": "naximrafiq",
                    "LikesName": "N a x i ",
                    "Location": ""
                },
                "likesID_1512558955288924160": {
                    "likesID": "1512558955288924160",
                    "likesUserName": "_ashutoshk_",
                    "LikesName": "ashutosh (unfunny era)",
                    "Location": ""
                },
                "likesID_1115785003": {
                    "likesID": "1115785003",
                    "likesUserName": "shubham77470760",
                    "LikesName": "shubham",
                    "Location": ""
                },
                "likesID_157661476": {
                    "likesID": "157661476",
                    "likesUserName": "Rkgajria",
                    "LikesName": "Ramesh Kishanchand Gajria",
                    "Location": ""
                },
                "likesID_1514431608476286976": {
                    "likesID": "1514431608476286976",
                    "likesUserName": "NayabKhan70",
                    "LikesName": "Nayab Khan",
                    "Location": ""
                },
                "likesID_1386749923769548800": {
                    "likesID": "1386749923769548800",
                    "likesUserName": "AhmedTahir2013",
                    "LikesName": "The lst str ",
                    "Location": ""
                },
                "likesID_230763325": {
                    "likesID": "230763325",
                    "likesUserName": "isuhaibm",
                    "LikesName": "Suhaib Mushtaq",
                    "Location": ""
                },
                "likesID_2525822690": {
                    "likesID": "2525822690",
                    "likesUserName": "ImranAlig67",
                    "LikesName": "Shaikh Imran Alig",
                    "Location": ""
                },
                "likesID_821161091375972352": {
                    "likesID": "821161091375972352",
                    "likesUserName": "pooranc36200376",
                    "LikesName": "pushpendra singh mathura",
                    "Location": ""
                },
                "likesID_1315459056": {
                    "likesID": "1315459056",
                    "likesUserName": "krishnadw2017",
                    "LikesName": "Krishna Dwivedi",
                    "Location": ""
                },
                "likesID_1270166529686949888": {
                    "likesID": "1270166529686949888",
                    "likesUserName": "firasatuddin",
                    "LikesName": "Firasatuddin",
                    "Location": ""
                },
                "likesID_107693706": {
                    "likesID": "107693706",
                    "likesUserName": "Mister_Kapoor",
                    "LikesName": "Little Lord Chuckleroy",
                    "Location": ""
                },
                "likesID_581582734": {
                    "likesID": "581582734",
                    "likesUserName": "JzNaveen",
                    "LikesName": "Naveen Jz",
                    "Location": ""
                },
                "likesID_1321432211422240769": {
                    "likesID": "1321432211422240769",
                    "likesUserName": "shivampandey725",
                    "LikesName": " ",
                    "Location": ""
                },
                "likesID_1529271082989289472": {
                    "likesID": "1529271082989289472",
                    "likesUserName": "VishalR19323035",
                    "LikesName": "Vishal Rana",
                    "Location": ""
                },
                "likesID_1692931548": {
                    "likesID": "1692931548",
                    "likesUserName": "seasailor59",
                    "LikesName": "seasailor",
                    "Location": ""
                },
                "likesID_875678540": {
                    "likesID": "875678540",
                    "likesUserName": "freak9411",
                    "LikesName": "gaurav rawat",
                    "Location": ""
                },
                "likesID_1339256158465400832": {
                    "likesID": "1339256158465400832",
                    "likesUserName": "Arshad07072267",
                    "LikesName": "Arshad",
                    "Location": ""
                },
                "likesID_1178571685567447041": {
                    "likesID": "1178571685567447041",
                    "likesUserName": "Amygdala765",
                    "LikesName": "Sam",
                    "Location": ""
                },
                "likesID_4416796454": {
                    "likesID": "4416796454",
                    "likesUserName": "rajeshsekar_7",
                    "LikesName": "Rajesh sekar",
                    "Location": ""
                },
                "likesID_1427343101333491716": {
                    "likesID": "1427343101333491716",
                    "likesUserName": "AlkalinePh_14",
                    "LikesName": "Alkaline",
                    "Location": ""
                },
                "likesID_880117741172121601": {
                    "likesID": "880117741172121601",
                    "likesUserName": "harisha44524680",
                    "LikesName": "harishankar",
                    "Location": ""
                },
                "likesID_782853376002318336": {
                    "likesID": "782853376002318336",
                    "likesUserName": "amitpuli985",
                    "LikesName": "Amit Kumar",
                    "Location": ""
                },
                "likesID_2787960193": {
                    "likesID": "2787960193",
                    "likesUserName": "pradeep_jegan96",
                    "LikesName": "Pradeep Jeganathan",
                    "Location": ""
                },
                "likesID_1362409383762739211": {
                    "likesID": "1362409383762739211",
                    "likesUserName": "Chethan83438716",
                    "LikesName": "Chethan",
                    "Location": ""
                },
                "likesID_2277262537": {
                    "likesID": "2277262537",
                    "likesUserName": "sanjai2july",
                    "LikesName": "Sanjai",
                    "Location": ""
                },
                "likesID_1270386027530616832": {
                    "likesID": "1270386027530616832",
                    "likesUserName": "ManishM78837273",
                    "LikesName": "Manish Malhotra",
                    "Location": ""
                },
                "likesID_4658533578": {
                    "likesID": "4658533578",
                    "likesUserName": "raunak_aug15",
                    "LikesName": "Raunak Rai",
                    "Location": ""
                },
                "likesID_1025433855170363404": {
                    "likesID": "1025433855170363404",
                    "likesUserName": "sohailshailkh0",
                    "LikesName": "sohailshailkh",
                    "Location": ""
                },
                "likesID_946752818001592320": {
                    "likesID": "946752818001592320",
                    "likesUserName": "shamshad_kne",
                    "LikesName": "M Shamshad Alam",
                    "Location": ""
                },
                "likesID_1306936626069688322": {
                    "likesID": "1306936626069688322",
                    "likesUserName": "Shubham_india",
                    "LikesName": "Shubham Shukla",
                    "Location": ""
                },
                "likesID_805316215807901697": {
                    "likesID": "805316215807901697",
                    "likesUserName": "KamleshBharti12",
                    "LikesName": "Kamlesh Bharti",
                    "Location": ""
                },
                "likesID_1384410909615919107": {
                    "likesID": "1384410909615919107",
                    "likesUserName": "Asharaf32539631",
                    "LikesName": "Asharaf",
                    "Location": ""
                }
            }
        },
        "newsId_1548973369709715456": {
            "id": "1548973369709715456",
            "text": "SC stayed orders passed by Karnataka High Court judge Justice H.P. Sandesh against the State Anti-Corruption Bureau and its chief, Additional Director General of Police Seemant Kumar Singh, unconnected to a bail plea he was hearing in a corruption case.\n\nhttps://t.co/An9sYTBDFN",
            "newsRetweetDict": {
                "retweetID_875678540": {
                    "retweetID": "875678540",
                    "reUserName": "freak9411",
                    "reTweetName": "gaurav rawat",
                    "reTweetLocation": ""
                },
                "retweetID_1529271082989289472": {
                    "retweetID": "1529271082989289472",
                    "reUserName": "VishalR19323035",
                    "reTweetName": "Vishal Rana",
                    "reTweetLocation": ""
                }
            },
            "newsLikesDict": {
                "likesID_57344669": {
                    "likesID": "57344669",
                    "likesUserName": "vaibhav0287",
                    "LikesName": "Vaibhav Jaiswal",
                    "Location": ""
                },
                "likesID_1512558955288924160": {
                    "likesID": "1512558955288924160",
                    "likesUserName": "_ashutoshk_",
                    "LikesName": "ashutosh (unfunny era)",
                    "Location": ""
                },
                "likesID_875678540": {
                    "likesID": "875678540",
                    "likesUserName": "freak9411",
                    "LikesName": "gaurav rawat",
                    "Location": ""
                },
                "likesID_581582734": {
                    "likesID": "581582734",
                    "likesUserName": "JzNaveen",
                    "LikesName": "Naveen Jz",
                    "Location": ""
                },
                "likesID_2699944801": {
                    "likesID": "2699944801",
                    "likesUserName": "nppassociates",
                    "LikesName": "praveen pai ",
                    "Location": ""
                },
                "likesID_1529271082989289472": {
                    "likesID": "1529271082989289472",
                    "likesUserName": "VishalR19323035",
                    "LikesName": "Vishal Rana",
                    "Location": ""
                },
                "likesID_719702508818579456": {
                    "likesID": "719702508818579456",
                    "likesUserName": "SivaSurya004",
                    "LikesName": "siva surya",
                    "Location": ""
                },
                "likesID_1280533780009070597": {
                    "likesID": "1280533780009070597",
                    "likesUserName": "Meet_Jadav06",
                    "LikesName": "Meet",
                    "Location": ""
                },
                "likesID_1434041227687645187": {
                    "likesID": "1434041227687645187",
                    "likesUserName": "Prashantt__",
                    "LikesName": "Prashant",
                    "Location": ""
                }
            }
        }
    }
}